council,suburb,postcode
Banyule,Bellfield,"3081,3381"
Banyule,Briar Hill,3088
Banyule,Bundoora,3083
Banyule,Eaglemont,3084
Banyule,Eltham,3095
Banyule,Eltham North,3095
Banyule,Greensborough,3088
Banyule,Heidelberg,3084
Banyule,Heidelberg Heights,3081
Banyule,Heidelberg West,3081
Banyule,Ivanhoe,3079
Banyule,Ivanhoe East,3079
Banyule,Lower Plenty,3093
Banyule,Macleod,3085
Banyule,Montmorency,3094
Banyule,Rosanna,3084
Banyule,Saint Helena,3088
Banyule,Viewbank,3084
Banyule,Watsonia,3087
Banyule,Watsonia North,3087
Banyule,Yallambie,3085
Bayside,Beaumaris,3193
Bayside,Black Rock,3193
Bayside,Brighton,3186
Bayside,Brighton East,3187
Bayside,Cheltenham,3192
Bayside,Cromer,3193
Bayside,Dendy,3186
Bayside,Hampton,3188
Bayside,Hampton East,3188
Bayside,Highett,3190
Bayside,Sandringham,3191
Boroondara,Ashburton,3147
Boroondara,Balwyn,3103
Boroondara,Balwyn North,3104
Boroondara,Burwood,3125
Boroondara,Camberwell,3124
Boroondara,Canterbury,3126
Boroondara,Deepdene,3103
Boroondara,Glen Iris,3146
Boroondara,Glenferrie South,3122
Boroondara,Greythorn,3104
Boroondara,Hawthorn,3122
Boroondara,Hawthorn East,3123
Boroondara,Kew,3101
Boroondara,Kew East,3102
Boroondara,Mont Albert,3127
Boroondara,Surrey Hills,3127
Brimbank,Albanvale,3021
Brimbank,Albion,3020
Brimbank,Ardeer,3022
Brimbank,Brooklyn,3012
Brimbank,Cairnlea,3023
Brimbank,Calder Park,3037
Brimbank,Deer Park,3023
Brimbank,Delahey,3037
Brimbank,Derrimut,3026
Brimbank,Hillside,"3037,3875"
Brimbank,Kealba,3021
Brimbank,Keilor,3036
Brimbank,Keilor Downs,3038
Brimbank,Keilor East,3033
Brimbank,Keilor Lodge,3038
Brimbank,Keilor North,3036
Brimbank,Keilor Park,3042
Brimbank,Kings Park,3021
Brimbank,St Albans,3021
Brimbank,Sunshine,3020
Brimbank,Sunshine North,3020
Brimbank,Sunshine West,"3020,8438,8511"
Brimbank,Sydenham,3037
Brimbank,Taylors Lakes,3038
Brimbank,Tullamarine,3043
Cardinia,Avonsleigh,3782
Cardinia,Bayles,3981
Cardinia,Beaconsfield,3807
Cardinia,Beaconsfield Upper,3808
Cardinia,Bunyip,3815
Cardinia,Bunyip North,3815
Cardinia,Caldermeade,3984
Cardinia,Cardinia,3978
Cardinia,Catani,3981
Cardinia,Clematis,3782
Cardinia,Cockatoo,3781
Cardinia,Cora Lynn,3814
Cardinia,Dalmore,3981
Cardinia,Dewhurst,3808
Cardinia,Emerald,3782
Cardinia,Garfield,3814
Cardinia,Garfield North,3814
Cardinia,Gembrook,3783
Cardinia,Guys Hill,3807
Cardinia,Heath Hill,3981
Cardinia,Iona,3815
Cardinia,Koo Wee Rup,3981
Cardinia,Koo Wee Rup North,3981
Cardinia,Lang Lang,3984
Cardinia,Lang Lang East,3984
Cardinia,Longwarry,3816
Cardinia,Maryknoll,3812
Cardinia,Menzies Creek,3159
Cardinia,Modella,3816
Cardinia,Monomeith,3984
Cardinia,Mount Burnett,3781
Cardinia,Nangana,3781
Cardinia,Nar Nar Goon,3812
Cardinia,Nar Nar Goon North,3812
Cardinia,Nyora,3987
Cardinia,Officer,3809
Cardinia,Officer South,3809
Cardinia,Pakenham,3810
Cardinia,Pakenham South,3810
Cardinia,Pakenham Upper,3810
Cardinia,Rythdale,3810
Cardinia,Tenby Point,3984
Cardinia,Tonimbuk,3815
Cardinia,Tooradin,3980
Cardinia,Tynong,3813
Cardinia,Tynong North,3813
Cardinia,Vervale,3814
Cardinia,Yannathan,3981
Casey,Beaconsfield,3807
Casey,Berwick,3806
Casey,Blind Bight,3980
Casey,Cannons Creek,3977
Casey,Clyde,3978
Casey,Clyde North,3978
Casey,Cranbourne,3977
Casey,Cranbourne East,3977
Casey,Cranbourne North,3977
Casey,Cranbourne South,3977
Casey,Cranbourne West,3977
Casey,Devon Meadows,3977
Casey,Doveton,3177
Casey,Endeavour Hills,3802
Casey,Eumemmerring,3177
Casey,Fountain Gate,3805
Casey,Hallam,3803
Casey,Hampton Park,3976
Casey,Harkaway,3806
Casey,Junction Village,3977
Casey,Lynbrook,3975
Casey,Lyndhurst,3975
Casey,Lysterfield South,3156
Casey,Narre Warren,3805
Casey,Narre Warren North,3804
Casey,Narre Warren South,3805
Casey,Pearcedale,3912
Casey,Tooradin,3980
Casey,Warneet,3980
Darebin,Alphington,3078
Darebin,Bundoora,3083
Darebin,Coburg,3058
Darebin,Coburg North,3058
Darebin,Fairfield,3078
Darebin,Keon Park,3073
Darebin,Kingsbury,3083
Darebin,Macleod,3085
Darebin,Northcote,3070
Darebin,Preston,3072
Darebin,Regent West,3072
Darebin,Reservoir,3073
Darebin,Thornbury,3071
Frankston,Carrum Downs,3201
Frankston,Frankston,3199
Frankston,Frankston North,3200
Frankston,Frankston South,3199
Frankston,Karingal,3199
Frankston,Langwarrin,3910
Frankston,Langwarrin South,3911
Frankston,Sandhurst,3977
Frankston,Seaford,3198
Frankston,Skye,3977
Glen Eira,Bentleigh,3204
Glen Eira,Bentleigh East,3165
Glen Eira,Brighton East,3187
Glen Eira,Carnegie,3163
Glen Eira,Caulfield,3162
Glen Eira,Caulfield East,3145
Glen Eira,Caulfield North,3161
Glen Eira,Caulfield South,3162
Glen Eira,Coatesville,3165
Glen Eira,Elsternwick,3185
Glen Eira,Gardenvale,3185
Glen Eira,Glen Huntly,3163
Glen Eira,Hopetoun Gardens,3162
Glen Eira,McKinnon,3204
Glen Eira,Murrumbeena,3163
Glen Eira,Ormond,3204
Glen Eira,Patterson,3204
Glen Eira,St Kilda East,3183
Greater Dandenong,Bangholme,3175
Greater Dandenong,Dandenong,"3175,8785"
Greater Dandenong,Dandenong North,3175
Greater Dandenong,Dandenong South,"3164,3175,8785"
Greater Dandenong,Keysborough,3173
Greater Dandenong,Lyndhurst,3975
Greater Dandenong,Noble Park,3174
Greater Dandenong,Noble Park North,3174
Greater Dandenong,Springvale,3171
Greater Dandenong,Springvale South,3172
Hobsons Bay,Altona,3018
Hobsons Bay,Altona Meadows,3028
Hobsons Bay,Altona North,3025
Hobsons Bay,Brooklyn,3012
Hobsons Bay,Laverton,3028
Hobsons Bay,Newport,3015
Hobsons Bay,Seabrook,3028
Hobsons Bay,Seaholme,3018
Hobsons Bay,South Kingsville,3015
Hobsons Bay,Spotswood,3015
Hobsons Bay,Williamstown,3016
Hobsons Bay,Williamstown North,3016
Hume,Attwood,3049
Hume,Broadmeadows,3047
Hume,Bulla,3428
Hume,Campbellfield,3061
Hume,Clarkefield,3430
Hume,Coolaroo,3048
Hume,Craigieburn,3064
Hume,Dallas,3047
Hume,Diggers Rest,3427
Hume,Fawkner,3060
Hume,Gladstone Park,3043
Hume,Greenvale,3059
Hume,Jacana,3047
Hume,Kalkallo,3064
Hume,Keilor,3036
Hume,Meadow Heights,3048
Hume,Melbourne Airport,3045
Hume,Mickleham,3064
Hume,Oaklands Junction,3063
Hume,Roxburgh Park,3064
Hume,Somerton,3062
Hume,Sunbury,3429
Hume,Tullamarine,3043
Hume,Westmeadows,3049
Hume,Wildwood,3429
Hume,Yuroke,3063
Kingston,Aspendale,3195
Kingston,Aspendale Gardens,3195
Kingston,Bonbeach,3196
Kingston,Braeside,3195
Kingston,Carrum,3197
Kingston,Chelsea,3196
Kingston,Chelsea Heights,3196
Kingston,Cheltenham,3192
Kingston,Clarinda,3169
Kingston,Clayton South,3169
Kingston,Dingley Village,3172
Kingston,Edithvale,3196
Kingston,Heatherton,3202
Kingston,Highett,3190
Kingston,Mentone,3194
Kingston,Moorabbin,3189
Kingston,Moorabbin Airport,3194
Kingston,Mordialloc,3195
Kingston,Oakleigh South,3167
Kingston,Parkdale,3195
Kingston,Patterson Lakes,3197
Kingston,Waterways,3195
Knox,Bayswater,3153
Knox,Boronia,3155
Knox,Ferntree Gully,3156
Knox,Knoxfield,3180
Knox,Lysterfield,3156
Knox,Rowville,3178
Knox,Sassafras,3787
Knox,Scoresby,3179
Knox,Studfield,3152
Knox,The Basin,3154
Knox,Upper Ferntree Gully,3156
Knox,Wantirna,3152
Knox,Wantirna South,3152
Manningham,Bulleen,3105
Manningham,Doncaster,3108
Manningham,Doncaster East,3109
Manningham,Donvale,3111
Manningham,Nunawading,3131
Manningham,Park Orchards,3114
Manningham,Ringwood North,3134
Manningham,Templestowe,3106
Manningham,Templestowe Lower,3107
Manningham,Warrandyte,3113
Manningham,Warrandyte South,3134
Manningham,Wonga Park,3115
Maribyrnong,Braybrook,3019
Maribyrnong,Footscray,3011
Maribyrnong,Kingsville,3012
Maribyrnong,Maidstone,3012
Maribyrnong,Maribyrnong,3032
Maribyrnong,Seddon,3011
Maribyrnong,Tottenham,3012
Maribyrnong,West Footscray,3012
Maribyrnong,Yarraville,3013
Maroondah,Bayswater North,3153
Maroondah,Croydon,3136
Maroondah,Croydon Hills,3136
Maroondah,Croydon North,3136
Maroondah,Croydon South,3136
Maroondah,Heathmont,3135
Maroondah,Kilsyth,3137
Maroondah,Kilsyth South,3137
Maroondah,Park Orchards,3114
Maroondah,Ringwood,3134
Maroondah,Ringwood East,3135
Maroondah,Ringwood North,3134
Maroondah,Vermont,3133
Maroondah,Warranwood,3134
Maroondah,Wonga Park,3115
Melbourne,Carlton,3053
Melbourne,Carlton North,3054
Melbourne,Docklands,"3008,8012"
Melbourne,East Melbourne,"3002,8002"
Melbourne,Flemington,3031
Melbourne,Hotham Hill,3051
Melbourne,Kensington,3031
Melbourne,Melbourne,"3000,3001,3004,8001,8045,8051,8066,8069,8070,8071,8102,8107,8111,8120,8205,8383"
Melbourne,West Melbourne,3003
Melbourne,North Melbourne,3051
Melbourne,Parkville,3052
Melbourne,Port Melbourne,3207
Melbourne,South Yarra,3141
Melbourne,Southbank,3006
Melton,Aintree,3336
Melton,Bonnie Brook,3335
Melton,Brookfield,3338
Melton,Burnside,3023
Melton,Burnside Heights,3023
Melton,Caroline Springs,3023
Melton,Cobblebank,3338
Melton,Deanside,3336
Melton,Diggers Rest,3427
Melton,Exford,3338
Melton,Eynesbury,3338
Melton,Fieldstone,3024
Melton,Fraser Rise,3336
Melton,Grangefields,3335
Melton,Harkness,3337
Melton,Hillside,"3037,3875"
Melton,Kurunjang,3337
Melton,Melton,3337
Melton,Melton South,3338
Melton,Melton West,3337
Melton,Mount Cottrell,3024
Melton,Parwan,3340
Melton,Plumpton,"3037,3335,3427"
Melton,Ravenhall,3023
Melton,Rockbank,3335
Melton,Strathtulloh,3338
Melton,Taylors Hill,3037
Melton,Thornhill Park,3335
Melton,Toolern Vale,3337
Melton,Truganina,3029
Melton,Weir Views,3338
Merri-bek,Batman,3058
Merri-bek,Brunswick,3056
Merri-bek,Brunswick East,3057
Merri-bek,Brunswick West,3055
Merri-bek,Coburg,3058
Merri-bek,Coburg North,3058
Merri-bek,Fawkner,3060
Merri-bek,Fitzroy North,3068
Merri-bek,Glenroy,3046
Merri-bek,Gowanbrae,3043
Merri-bek,Hadfield,3046
Merri-bek,Merlynston,3058
Merri-bek,Moreland,3058
Merri-bek,Oak Park,3046
Merri-bek,Parkville,3052
Merri-bek,Pascoe Vale,3044
Merri-bek,Pascoe Vale South,3044
Merri-bek,Tullamarine,3043
Monash,Ashwood,3147
Monash,Burwood,3125
Monash,Chadstone,3148
Monash,Clayton,3168
Monash,Glen Waverley,3150
Monash,Hughesdale,3166
Monash,Huntingdale,3166
Monash,Mount Waverley,3149
Monash,Mulgrave,3170
Monash,Notting Hill,3168
Monash,Oakleigh,3166
Monash,Oakleigh East,3166
Monash,Oakleigh South,3167
Monash,Pinewood,3149
Monash,Syndal,3149
Monash,Wheelers Hill,3150
Moonee Valley,Aberfeldie,3040
Moonee Valley,Airport West,3042
Moonee Valley,Ascot Vale,3032
Moonee Valley,Avondale Heights,3034
Moonee Valley,Essendon,3040
Moonee Valley,Essendon North,3041
Moonee Valley,Essendon West,3040
Moonee Valley,Flemington,3031
Moonee Valley,Keilor East,3033
Moonee Valley,Moonee Ponds,3039
Moonee Valley,Niddrie,3042
Moonee Valley,Strathmore,3041
Moonee Valley,Strathmore Heights,3041
Moonee Valley,Travancore,3032
Mornington Peninsula,Arthurs Seat,3936
Mornington Peninsula,Balnarring,3926
Mornington Peninsula,Balnarring Beach,3926
Mornington Peninsula,Baxter,3911
Mornington Peninsula,Bittern,3918
Mornington Peninsula,Blairgowrie,3942
Mornington Peninsula,Boneo,3939
Mornington Peninsula,Cape Schanck,3939
Mornington Peninsula,Crib Point,3919
Mornington Peninsula,Dromana,3936
Mornington Peninsula,Fingal,3939
Mornington Peninsula,Flinders,3929
Mornington Peninsula,Hastings,3915
Mornington Peninsula,HMAS Cerberus,3920
Mornington Peninsula,Kunyung,3930
Mornington Peninsula,Main Ridge,3928
Mornington Peninsula,McCrae,3938
Mornington Peninsula,Merricks,3916
Mornington Peninsula,Merricks Beach,3926
Mornington Peninsula,Merricks North,3926
Mornington Peninsula,Moorooduc,3933
Mornington Peninsula,Mornington,3931
Mornington Peninsula,Mount Eliza,3930
Mornington Peninsula,Mount Martha,3934
Mornington Peninsula,Pearcedale,3912
Mornington Peninsula,Point Leo,3916
Mornington Peninsula,Portsea,3944
Mornington Peninsula,Red Hill,3937
Mornington Peninsula,Red Hill South,3937
Mornington Peninsula,Rosebud,3939
Mornington Peninsula,Rosebud West,3940
Mornington Peninsula,Rye,3941
Mornington Peninsula,Safety Beach,3936
Mornington Peninsula,Shoreham,3916
Mornington Peninsula,Somers,3927
Mornington Peninsula,Somerville,3912
Mornington Peninsula,Sorrento,3943
Mornington Peninsula,St Andrews Beach,3941
Mornington Peninsula,Tootgarook,3941
Mornington Peninsula,Tuerong,3915
Mornington Peninsula,Tyabb,3913
Port Phillip,Albert Park,3206
Port Phillip,Balaclava,3183
Port Phillip,Elwood,3184
Port Phillip,Garden City,3207
Port Phillip,Melbourne,"3000,3001,3004,8001,8045,8051,8066,8069,8070,8071,8102,8107,8111,8120,8205,8383"
Port Phillip,Middle Park,3206
Port Phillip,Port Melbourne,3207
Port Phillip,Ripponlea,3185
Port Phillip,South Melbourne,3205
Port Phillip,Southbank,3006
Port Phillip,St Kilda,3182
Port Phillip,St Kilda East,3183
Port Phillip,St Kilda West,3182
Port Phillip,Windsor,3181
Stonnington,Armadale,3143
Stonnington,Glen Iris,3146
Stonnington,Hawksburn,3142
Stonnington,Kooyong,3144
Stonnington,Malvern,3144
Stonnington,Malvern East,3145
Stonnington,Prahran,3181
Stonnington,South Yarra,3141
Stonnington,Toorak,3142
Stonnington,Windsor,3181
Whitehorse,Blackburn,3130
Whitehorse,Blackburn North,3130
Whitehorse,Blackburn South,3130
Whitehorse,Box Hill,3128
Whitehorse,Box Hill North,3129
Whitehorse,Box Hill South,3128
Whitehorse,Burwood,3125
Whitehorse,Burwood East,3151
Whitehorse,Forest Hill,3131
Whitehorse,Mitcham,3132
Whitehorse,Mont Albert,3127
Whitehorse,Mont Albert North,3129
Whitehorse,Nunawading,3131
Whitehorse,Surrey Hills,3127
Whitehorse,Vermont,3133
Whitehorse,Vermont South,3133
Whittlesea,Beveridge,3753
Whittlesea,Bruces Creek,3757
Whittlesea,Bundoora,3083
Whittlesea,Donnybrook,3064
Whittlesea,Doreen,3754
Whittlesea,Eden Park,3757
Whittlesea,Epping,3076
Whittlesea,Humevale,3757
Whittlesea,Kinglake West,3757
Whittlesea,Lalor,3075
Whittlesea,Mernda,3754
Whittlesea,Mill Park,3082
Whittlesea,Morang South,3752
Whittlesea,Thomastown,3074
Whittlesea,Whittlesea,3757
Whittlesea,Wollert,3750
Whittlesea,Woodstock,3751
Whittlesea,Yan Yean,3755
Wyndham,Cocoroc,3030
Wyndham,Eynesbury,3338
Wyndham,Hoppers Crossing,3029
Wyndham,Laverton,3028
Wyndham,Laverton North,3026
Wyndham,Laverton RAAF,3027
Wyndham,Little River,3211
Wyndham,Mambourin,3024
Wyndham,Mount Cottrell,3024
Wyndham,Point Cook,3030
Wyndham,Quandong,3030
Wyndham,Tarneit,3029
Wyndham,Truganina,3029
Wyndham,Werribee,3030
Wyndham,Werribee South,3030
Wyndham,Williams Landing,3027
Wyndham,Wyndham Vale,3024
Yarra,Cremorne,3121
Yarra,Fairfield,3078
Yarra,Fitzroy,3065
Yarra,Fitzroy North,3068
Yarra,Princes Hill,3054
Yarra,Richmond,3121
Yarra Ranges,Badger Creek,3777
Yarra Ranges,Beenak,3139
Yarra Ranges,Belgrave,3160
Yarra Ranges,Belgrave Heights,3160
Yarra Ranges,Belgrave South,3160
Yarra Ranges,Big Pats Creek,3799
Yarra Ranges,Cambarville,3779
Yarra Ranges,Chirnside Park,3116
Yarra Ranges,Chum Creek,3777
Yarra Ranges,Clematis,3782
Yarra Ranges,Coldstream,3770
Yarra Ranges,Dixons Creek,3775
Yarra Ranges,Don Valley,3139
Yarra Ranges,Emerald,3782
Yarra Ranges,Fernshaw,3778
Yarra Ranges,Ferny Creek,3786
Yarra Ranges,Gilderoy,3797
Yarra Ranges,Gladysdale,3797
Yarra Ranges,Gruyere,3770
Yarra Ranges,Healesville,3777
Yarra Ranges,Hoddles Creek,3139
Yarra Ranges,Kallista,3791
Yarra Ranges,Kalorama,3766
Yarra Ranges,Kilsyth,3137
Yarra Ranges,Launching Place,3139
Yarra Ranges,Lilydale,3140
Yarra Ranges,Lysterfield,3156
Yarra Ranges,Macclesfield,3782
Yarra Ranges,Matlock,3723
Yarra Ranges,McMahons Creek,3799
Yarra Ranges,Menzies Creek,3159
Yarra Ranges,Millgrove,3799
Yarra Ranges,Monbulk,3793
Yarra Ranges,Montrose,3765
Yarra Ranges,Mooroolbark,3138
Yarra Ranges,Mount Dandenong,3767
Yarra Ranges,Mount Evelyn,3796
Yarra Ranges,Mount Toolebewong,3777
Yarra Ranges,Narre Warren East,3804
Yarra Ranges,Olinda,3788
Yarra Ranges,Powelltown,3797
Yarra Ranges,Reefton,3799
Yarra Ranges,Sassafras,3787
Yarra Ranges,Selby,3159
Yarra Ranges,Seville,3139
Yarra Ranges,Seville East,3139
Yarra Ranges,Sherbrooke,3789
Yarra Ranges,Silvan,3795
Yarra Ranges,Steels Creek,3775
Yarra Ranges,Tarrawarra,3775
Yarra Ranges,Tecoma,3160
Yarra Ranges,The Patch,3792
Yarra Ranges,Three Bridges,3797
Yarra Ranges,Toolangi,3777
Yarra Ranges,Toorongo,3833
Yarra Ranges,Tremont,3785
Yarra Ranges,Upper Ferntree Gully,3156
Yarra Ranges,Upwey,3158
Yarra Ranges,Wandin East,3139
Yarra Ranges,Wandin North,3139
Yarra Ranges,Warburton,3799
Yarra Ranges,East Warburton,3799
Yarra Ranges,Wesburn,3799
Yarra Ranges,Woori Yallock,3139
Yarra Ranges,Yarra Glen,3775
Yarra Ranges,Yarra Junction,3797
Yarra Ranges,Yellingbo,3139
Yarra Ranges,Yering,3770
