language,council,population
Afrikaans,Frankston,262
Afrikaans,Manningham,233
Afrikaans,Maroondah,196
Afrikaans,Yarra Ranges,189
Afrikaans,Bayside,181
Albanian,Greater Dandenong,1635
Albanian,Brimbank,896
Albanian,Whittlesea,780
Albanian,Melton,718
Albanian,Hobsons Bay,306
Amharic,Wyndham,1534
Amharic,Brimbank,862
Amharic,Melton,664
Amharic,Maribyrnong,271
Amharic,Yarra,133
Arabic,Hume,22664
Arabic,Whittlesea,11912
Arabic,Wyndham,5577
Arabic,Casey,5184
Assyrian Neo-Aramaic,Hume,8451
Assyrian Neo-Aramaic,Brimbank,1007
Assyrian Neo-Aramaic,Melton,908
Bengali,Wyndham,3916
Bengali,Monash,1067
Bengali,Melton,1015
Bengali,Hume,688
Bosnian,Greater Dandenong,1260
Bosnian,Brimbank,1007
Bosnian,Frankston,208
Burmese,Greater Dandenong,1494
Burmese,Maroondah,281
Burmese,Yarra Ranges,174
"Burmese and related languages, nec",Brimbank,860
"Burmese and related languages, nec",Maroondah,499
"Burmese and related languages, nec",Yarra Ranges,125
Cantonese,Manningham,10560
Cantonese,Whitehorse,9282
Cantonese,Monash,8727
Cantonese,Knox,5514
Cantonese,Melbourne,5149
Chaldean Neo-Aramaic,Hume,7619
Chaldean Neo-Aramaic,Whittlesea,693
Chin Haka,Yarra Ranges,1076
Chin Haka,Maroondah,1066
Chin Haka,Cardinia,284
"Chinese, nfd",Whitehorse,318
Croatian,Brimbank,2863
Croatian,Melton,1423
Croatian,Casey,1245
Croatian,Moonee Valley,949
Croatian,Hume,814
Dari,Casey,7240
Dari,Greater Dandenong,1935
Dari,Cardinia,291
Dari,Frankston,152
Dinka,Wyndham,1401
Dinka,Melton,1340
Dinka,Cardinia,235
Dutch,Yarra Ranges,498
Dutch,Frankston,236
Dutch,Bayside,235
Dutch,Mornington Peninsula,222
Dutch,Maroondah,208
English,Casey,193800
English,Mornington Peninsula,150667
English,Yarra Ranges,137846
English,Wyndham,128559
English,Frankston,116411
Filipino,Wyndham,2895
Filipino,Casey,2617
Filipino,Melton,2181
Filipino,Brimbank,2013
Filipino,Hume,1251
French,Casey,1797
French,Glen Eira,1222
French,Port Phillip,1028
French,Melbourne,889
French,Boroondara,841
German,Knox,845
German,Yarra Ranges,692
German,Bayside,661
German,Port Phillip,640
Greek,Monash,10253
Greek,Darebin,8515
Greek,Whittlesea,7205
Greek,Manningham,6869
Gujarati,Wyndham,6876
Gujarati,Casey,3013
Gujarati,Monash,1671
Gujarati,Whittlesea,1420
Gujarati,Glen Eira,1045
Hakka,Brimbank,958
Hakka,Melton,594
Hakka,Yarra,283
Hazaragi,Casey,11770
Hazaragi,Greater Dandenong,4031
Hazaragi,Cardinia,240
Hebrew,Glen Eira,3186
Hebrew,Kingston,369
Hebrew,Port Phillip,354
Hebrew,Stonnington,254
Hebrew,Bayside,249
Hindi,Wyndham,14013
Hindi,Casey,6482
Hindi,Whittlesea,4688
Hindi,Monash,4200
Hindi,Hume,4054
Hungarian,Knox,315
Hungarian,Yarra Ranges,136
Hungarian,Bayside,102
Hungarian,Mornington Peninsula,77
Indonesian,Melbourne,2708
Indonesian,Wyndham,1967
Indonesian,Monash,1637
Indonesian,Whitehorse,907
Indonesian,Greater Dandenong,809
Italian,Whittlesea,8329
Italian,Darebin,7811
Italian,Moonee Valley,6715
Italian,Hume,4877
Japanese,Melbourne,1154
Japanese,Glen Eira,1024
Japanese,Monash,952
Japanese,Whitehorse,645
Japanese,Kingston,545
Kannada,Wyndham,1005
Kannada,Monash,627
Karen,Wyndham,3013
Karen,Hobsons Bay,273
Karen,Maroondah,212
Karen,Yarra Ranges,142
Khmer,Greater Dandenong,9664
Khmer,Casey,2943
Khmer,Kingston,893
Khmer,Knox,421
Korean,Melbourne,2320
Korean,Monash,2222
Korean,Whitehorse,1346
Korean,Manningham,1063
Korean,Wyndham,994
Kurdish,Whittlesea,665
Macedonian,Whittlesea,9911
Macedonian,Brimbank,4233
Macedonian,Melton,2684
Macedonian,Darebin,1969
Macedonian,Wyndham,1286
Malay,Greater Dandenong,1789
Malayalam,Casey,5444
Malayalam,Whittlesea,2783
Malayalam,Wyndham,2333
Malayalam,Hume,1456
Malayalam,Greater Dandenong,1050
Maltese,Brimbank,4058
Maltese,Melton,2319
Maltese,Hobsons Bay,991
Maltese,Hume,941
Maltese,Whittlesea,711
Mandarin,Monash,29009
Mandarin,Whitehorse,27361
Mandarin,Melbourne,21392
Mandarin,Boroondara,17419
Mandarin,Manningham,17336
Marathi,Wyndham,1193
Marathi,Monash,858
Marathi,Melbourne,676
Marathi,Whitehorse,330
Marathi,Knox,319
Min Nan,Greater Dandenong,837
Min Nan,Monash,765
Min Nan,Whitehorse,634
Min Nan,Knox,536
Min Nan,Boroondara,479
Nepali,Hume,3113
Nepali,Whittlesea,2199
Nepali,Wyndham,1635
Nepali,Brimbank,1106
Nuer,Cardinia,192
Oromo,Yarra,324
Pashto,Casey,2529
Pashto,Greater Dandenong,935
Pashto,Manningham,167
Persian (excluding Dari),Manningham,3308
Persian (excluding Dari),Casey,2297
Persian (excluding Dari),Whittlesea,2111
Persian (excluding Dari),Whitehorse,1285
Persian (excluding Dari),Knox,1148
Polish,Casey,1379
Polish,Brimbank,1058
Polish,Kingston,693
Polish,Glen Eira,671
Polish,Monash,648
Portuguese,Melbourne,737
Portuguese,Port Phillip,608
Portuguese,Darebin,351
Portuguese,Glen Eira,342
Punjabi,Wyndham,20860
Punjabi,Casey,16859
Punjabi,Hume,12653
Punjabi,Melton,10640
Punjabi,Whittlesea,9903
Romanian,Casey,1517
Romanian,Cardinia,307
Russian,Glen Eira,4613
Russian,Kingston,2083
Russian,Bayside,1305
Russian,Port Phillip,1155
Russian,Monash,919
Samoan,Casey,3062
Samoan,Hume,2103
Samoan,Wyndham,1928
Samoan,Melton,1437
Samoan,Brimbank,1388
Serbian,Casey,2882
Serbian,Greater Dandenong,2015
Serbian,Brimbank,1471
Serbian,Melton,1130
Serbian,Whittlesea,852
Sinhalese,Casey,12866
Sinhalese,Monash,5567
Sinhalese,Hume,3928
Sinhalese,Greater Dandenong,3910
Sinhalese,Knox,2702
Somali,Wyndham,1251
Somali,Hume,1023
Somali,Melbourne,872
Somali,Banyule,860
Somali,Whittlesea,753
Spanish,Melbourne,4003
Spanish,Casey,3297
Spanish,Brimbank,2550
Spanish,Wyndham,2261
Spanish,Melton,2072
Swedish,Bayside,128
Swedish,Mornington Peninsula,97
Tagalog,Wyndham,3756
Tagalog,Casey,3045
Tagalog,Melton,2989
Tagalog,Brimbank,2936
Tagalog,Hume,1544
Tamil,Casey,6043
Tamil,Wyndham,4278
Tamil,Monash,3179
Tamil,Greater Dandenong,2793
Tamil,Whittlesea,2536
Telugu,Wyndham,7341
Telugu,Casey,1820
Telugu,Monash,1538
Telugu,Melton,1255
Telugu,Brimbank,1172
Thai,Melbourne,1917
Thai,Whitehorse,484
Thai,Kingston,392
Thai,Boroondara,369
Thai,Knox,360
Tigrinya,Yarra,127
Turkish,Hume,14813
Turkish,Brimbank,2192
Turkish,Whittlesea,1815
Turkish,Casey,1717
Turkish!,Greater Dandenong,1520
Urdu,Wyndham,8406
Urdu,Hume,5415
Urdu,Casey,3122
Urdu,Melton,2493
Vietnamese,Brimbank,36023
Vietnamese,Greater Dandenong,18785
Vietnamese,Maribyrnong,9920
Vietnamese,Whittlesea,5281
Vietnamese,Melton,4548
Yiddish,Glen Eira,877
Yiddish,Port Phillip,191
Zomi,Maroondah,506
Zomi,Yarra Ranges,135
Arabic,Merri-bek,7769
Assyrian Neo-Aramaic,Merri-bek,412
Bengali,Merri-bek,758
German,Merri-bek,611
Greek,Merri-bek,6789
Italian,Merri-bek,9978
Nepali,Merri-bek,3738
Portuguese,Merri-bek,490
Turkish,Merri-bek,3062
Urdu,Merri-bek,3816
