suburb,rent_1bf,rent_2bf,rent_3bf,rent_2bh,rent_3bh,rent_4bh,rent_allprop,buy_flat,buy_house
Aberfeldie,,,,,,,,810000,2.045e+06
Aintree,,,,,,,,,720000
Airport West,,,,,,,,654500,1e+06
Albanvale,,,,,,,,,625000
Albert Park,450,640,825,768,1095,1413,700,1e+06,2.046e+06
Albion,,,,,,,,410000,738800
Alphington,390,570,890,650,850,1050,550,795000,1.965e+06
Altona,360,470,550,480,525,585,550,753500,1.2e+06
Altona Meadows,,,,,,,,568800,738500
Altona North,,,,,,,,715000,1.0395e+06
Ardeer,,,,,,,,557500,695000
Armadale,450,630,893,778,1100,1400,625,630000,2.588e+06
Ascot Vale,450,540,725,625,724,980,563,500000,1.3575e+06
Ashburton,420,575,700,550,650,850,650,1.25e+06,1.851e+06
Ashwood,,,,,,,,1.1205e+06,1.51e+06
Aspendale,433,520,655,530,675,850,600,821900,1.3393e+06
Aspendale Gardens,,,,,,,,,1.225e+06
Attwood,,,,,,,,,700000
Avondale Heights,450,510,600,500,573,740,550,675000,932500
Badger Creek,,,,,,,,,697500
Balaclava,,,,,,,,530000,1.45e+06
Balnarring,,,,,,,,,1.32e+06
Balnarring Beach,,,,,,,,,1.1875e+06
Balwyn,479,580,790,600,700,980,700,696000,3.1e+06
Balwyn North,,,,,,,,1.3125e+06,2.325e+06
Baxter,,,,,,,,592000,752500
Bayswater,350,478,583,500,575,650,550,665000,845500
Bayswater North,,,,,,,,645000,910000
Beaconsfield,,,,,,,,602500,815000
Beaumaris,450,620,900,620,850,1285,750,1.2375e+06,1.943e+06
Belgrave,,,,,,,,,860000
Belgrave Heights,,,,,,,,,1.0531e+06
Bellfield,,,,,,,,912500,1.09e+06
Bentleigh,420,575,760,600,728,1000,680,742500,1.6875e+06
Bentleigh East,,,,,,,,985000,1.4405e+06
Berwick,368,495,550,490,550,620,595,730000,900000
Beveridge,,,,,,,,,615000
Bittern,,,,,,,,688500,880000
Black Rock,,,,,,,,935000,2.59e+06
Blackburn,450,550,650,545,600,750,600,855000,1.638e+06
Blackburn North,,,,,,,,818000,1.399e+06
Blackburn South,,,,,,,,940000,1.4223e+06
Blairgowrie,,,,,,,,,1.3e+06
Blind Bight,,,,,,,,,830000
Bonbeach,,,,,,,,730500,1.035e+06
Bonnie Brook,,,,,,,,,647900
Boronia,418,495,585,499,580,650,550,647500,856000
Box Hill,490,600,720,520,640,790,600,520000,1.725e+06
Box Hill North,,,,,,,,884000,1.342e+06
Box Hill South,,,,,,,,925000,1.35e+06
Braybrook,,,,,,,,627500,770000
Briar Hill,,,,,,,,730000,1.1905e+06
Brighton,450,640,950,750,1100,1600,725,1.495e+06,3.3418e+06
Brighton East,265,620,725,650,900,1400,845,1.312e+06,2.3375e+06
Broadmeadows,350,465,518,460,500,620,510,455500,615000
Brookfield,,,,,,,,,565000
Brooklyn,,,,,,,,590000,857500
Brunswick,460,590,810,650,830,1045,595,560000,1.305e+06
Brunswick East,,,,,,,,532500,1.65e+06
Brunswick West,,,,,,,,430000,1.2825e+06
Bulleen,480,580,700,550,650,800,650,884500,1.35e+06
Bundoora,400,480,588,500,560,620,550,460000,882000
Bunyip,,,,,,,,,758000
Burnside,,,,,,,,,860000
Burnside Heights,,,,,,,,,730000
Burwood,420,575,700,550,650,850,650,771000,1.5944e+06
Burwood East,510,560,650,540,600,750,630,605000,1.318e+06
Cairnlea,,,,,,,,411400,897000
Camberwell,442,585,800,650,845,1200,650,850000,2.6889e+06
Campbellfield,,,,,,,,,643000
Canterbury,450,550,700,595,800,1100,650,1.216e+06,4.1675e+06
Carlton,500,665,850,650,900,1195,600,358500,1.36e+06
Carlton North,420,575,760,730,900,,720,730000,1.73e+06
Carnegie,400,590,750,595,745,1000,550,655000,1.725e+06
Caroline Springs,,,,,,,,460000,750000
Carrum,433,520,655,530,675,850,600,810000,881000
Carrum Downs,370,460,550,475,550,660,550,606000,745000
Caulfield,495,600,800,625,850,1200,650,710000,2.08e+06
Caulfield East,,,,,,,,360000,1.819e+06
Caulfield North,,,,,,,,631000,2.45e+06
Caulfield South,,,,,,,,1.085e+06,1.755e+06
Chadstone,490,570,680,550,635,850,620,990000,1.2e+06
Chelsea,433,520,655,530,675,850,600,719800,980000
Chelsea Heights,,,,,,,,858500,970000
Cheltenham,450,550,680,578,700,950,620,608500,1.256e+06
Chirnside Park,,,,,,,,715000,900000
Chum Creek,,,,,,,,,761000
Clarinda,,,,,,,,810000,1.107e+06
Clayton,470,570,638,560,600,750,600,685000,1.2e+06
Clayton South,,,,,,,,500500,986000
Clematis,,,,,,,,,955000
Clyde,,,,,,,,,689500
Clyde North,,,,,,,,588000,745000
Cobblebank,,,,,,,,,618800
Coburg,438,540,700,570,700,850,580,713000,1.25e+06
Coburg North,290,500,600,530,620,795,550,732500,975000
Cockatoo,,,,,,,,,725000
Coldstream,,,,,,,,,800000
Coolaroo,,,,,,,,,601500
Craigieburn,,440,480,450,500,560,520,453500,679000
Cranbourne,400,450,530,480,545,600,580,492100,660000
Cranbourne East,,,,,,,,565000,722500
Cranbourne North,,,,,,,,457500,732500
Cranbourne South,,,,,,,,,700000
Cranbourne West,,,,,,,,522500,700000
Cremorne,,,,,,,,607500,1.31e+06
Crib Point,,,,,,,,476000,710000
Croydon,350,495,610,510,598,710,580,702500,900000
Croydon Hills,,,,,,,,,1.1281e+06
Croydon North,,,,,,,,721800,968000
Croydon South,,,,,,,,815000,917000
Dallas,,,,,,,,465000,525000
Dandenong,360,440,580,500,550,730,530,400000,725500
Dandenong North,325,465,530,450,530,620,520,560000,750000
Deanside,,,,,,,,456000,669500
Deepdene,,,,,,,,823500,3.4813e+06
Deer Park,310,400,475,425,460,540,460,515000,671000
Delahey,,,,,,,,593500,671000
Derrimut,,,,,,,,,805000
Diggers Rest,,,,,,,,,610000
Dingley Village,,,,,,,,697500,1.055e+06
Docklands,580,750,1180,875,,,690,635000,
Doncaster,480,580,700,550,650,800,650,590000,1.54e+06
Doncaster East,478,575,678,568,650,800,680,935000,1.486e+06
Donnybrook,,,,,,,,,651300
Donvale,478,575,678,568,650,800,680,710000,1.46e+06
Doreen,,,,,,,,575000,770500
Doveton,,,,,,,,530000,610000
Dromana,395,453,575,480,550,730,575,850000,962500
Eaglemont,,,,,,,,,2.805e+06
East Melbourne,500,673,1050,875,1295,,630,840000,1.696e+06
East Warburton,,,,,,,,,600000
Edithvale,,,,,,,,900000,1.3799e+06
Elsternwick,430,600,800,718,900,1075,600,754100,1.95e+06
Eltham,350,480,620,500,650,820,620,775800,1.2e+06
Eltham North,,,,,,,,,1.216e+06
Elwood,440,600,900,750,1000,1550,575,620000,2.5425e+06
Emerald,,,,,,,,,928500
Endeavour Hills,325,465,530,450,530,620,520,690000,802500
Epping,390,450,500,478,520,600,520,475000,652000
Essendon,420,500,620,533,650,865,550,575000,1.5e+06
Essendon North,,,,,,,,380000,1.18e+06
Essendon West,,,,,,,,865000,1.525e+06
Eumemmerring,,,,,,,,577500,690000
Eynesbury,,,,,,,,,750000
Fairfield,390,570,890,650,850,1050,550,630000,1.647e+06
Fawkner,375,480,600,490,550,650,525,595000,805000
Ferntree Gully,,500,573,500,590,700,580,688000,902000
Ferny Creek,,,,,,,,,1.012e+06
Fingal,,,,,,,,,1.2425e+06
Fitzroy,528,730,1100,790,1080,,695,770000,1.6e+06
Fitzroy North,493,650,950,725,973,1450,700,591800,1.415e+06
Flemington,427,530,800,620,750,950,525,436800,1.1403e+06
Flinders,360,450,535,493,575,750,550,,3.25e+06
Footscray,440,570,700,563,635,755,520,460000,955000
Forest Hill,510,560,650,540,600,750,630,870000,1.22e+06
Frankston,338,450,550,475,560,668,530,558000,750000
Frankston North,,,,,,,,605000,625000
Frankston South,,,,,,,,710500,1.2e+06
Fraser Rise,,,,,,,,,694000
Garden City,,,,,,,,,2.1e+06
Gardenvale,,,,,,,,1.0425e+06,2.221e+06
Garfield,,,,,,,,,862500
Gembrook,,,,,,,,,1.0123e+06
Gladstone Park,,450,530,480,520,615,520,,805000
Glen Huntly,,,,,,,,618500,1.907e+06
Glen Iris,442,585,800,650,845,1200,650,640000,2.1775e+06
Glen Waverley,540,640,650,580,630,750,680,876000,1.6329e+06
Glenroy,375,480,600,490,550,650,525,575000,860000
Gowanbrae,,,,,,,,735000,992500
Greensborough,400,480,588,500,560,620,550,730000,1.0052e+06
Greenvale,,,,,,,,572500,867500
Hadfield,,,,,,,,506300,901000
Hallam,,,,,,,,502500,745000
Hampton,450,620,900,620,850,1285,750,857500,2.305e+06
Hampton East,,,,,,,,980500,1.459e+06
Hampton Park,370,470,520,480,540,640,550,572900,660000
Harkness,,,,,,,,410000,563000
Hastings,360,450,535,493,575,750,550,525000,672500
Hawthorn,430,580,850,720,920,1300,530,600000,2.44e+06
Hawthorn East,,,,,,,,594600,2.558e+06
Healesville,,,,,,,,580000,805000
Heatherton,,,,,,,,275000,1.05e+06
Heathmont,,,,,,,,851300,1.115e+06
Heidelberg,450,540,650,500,600,800,550,631000,1.375e+06
Heidelberg Heights,,,,,,,,720000,891500
Heidelberg West,450,540,650,500,600,800,550,697500,830000
Highett,,,,,,,,670000,1.426e+06
Hillside,,,,,,,,577000,825000
Hoppers Crossing,350,410,460,420,470,530,500,438000,620000
Hughesdale,395,550,693,550,730,940,570,535000,1.44e+06
Huntingdale,,,,,,,,,1.2605e+06
Ivanhoe,490,580,705,595,743,1000,580,715000,2.115e+06
Ivanhoe East,490,580,705,595,743,1000,580,827500,2.355e+06
Jacana,,,,,,,,488500,623500
Junction Village,,,,,,,,,665000
Kalkallo,,,,,,,,,630000
Kallista,,,,,,,,,900000
Kalorama,,,,,,,,,815000
Kealba,,,,,,,,,707500
Keilor,,,,,550,730,630,610000,1.262e+06
Keilor Downs,,,,,,,,613000,815000
Keilor East,450,510,600,500,573,740,550,635000,930000
Keilor Lodge,,,,,,,,,1.0075e+06
Keilor Park,,,,,,,,,850000
Kensington,427,530,800,620,750,950,525,481000,1.074e+06
Kew,470,560,820,700,820,1255,680,828000,2.745e+06
Keysborough,,,,,,,,730000,933500
Kilsyth,,,,,,,,732500,790000
Kilsyth South,,,,,,,,,1.19e+06
Kings Park,,,,,,,,,620000
Kingsbury,,,,,,,,475000,791800
Kingsville,,,,,,,,395000,1.3375e+06
Knoxfield,,,,,,,,752000,1.1e+06
Koo Wee Rup,,,,,,,,550000,735000
Kooyong,,,,,,,,667500,
Kurunjang,,,,,,,,470000,542000
Lalor,370,450,500,450,500,580,500,557500,717500
Lang Lang,,,,,,,,,715000
Langwarrin,,,,,,,,625000,840000
Launching Place,,,,,,,,,702500
Laverton,,,,,,,,564000,600500
Lilydale,350,495,610,510,598,710,580,622300,870500
Longwarry,,,,,,,,500000,613800
Lower Plenty,,,,,,,,725000,1.6e+06
Lynbrook,,,,,,,,,840000
Lyndhurst,,,,,,,,,940000
Lysterfield,,,,,,,,,1.46e+06
Macleod,,,,,,,,650000,1.0285e+06
Maidstone,,,,,,,,635000,847500
Malvern,450,598,900,780,1000,1400,600,650000,3.34e+06
Malvern East,470,600,795,623,790,1190,610,486000,2e+06
Mambourin,,,,,,,,,609500
Maribyrnong,,,,,,,,492500,1.07e+06
Mccrae,,,,,,,,738000,1.135e+06
Mckinnon,,,,,,,,744000,1.875e+06
Meadow Heights,,,,,,,,497500,640000
Melbourne,,,,,,,,530000,
Melton,365,350,400,380,420,470,450,378000,490000
Melton South,,,,,,,,415000,545000
Melton West,,,,,,,,467500,545000
Mentone,400,540,740,580,735,895,580,710000,1.3125e+06
Mernda,,,,,,,,400000,730000
Mickleham,,,,,,,,597000,682000
Middle Park,450,640,825,768,1095,1413,700,1.0675e+06,2.91e+06
Mill Park,390,450,500,478,520,600,520,624800,812500
Millgrove,,,,,,,,,607500
Mitcham,420,500,648,500,600,723,570,897300,1.18e+06
Monbulk,,,,,,,,,715000
Mont Albert,450,550,700,595,800,1100,650,800000,2.561e+06
Mont Albert North,,,,,,,,1.295e+06,1.86e+06
Montmorency,350,480,620,500,650,820,620,840000,1.165e+06
Montrose,,,,,,,,,910000
Moonee Ponds,450,540,725,625,724,980,563,502000,1.41e+06
Moorabbin,,,,,,,,725000,1.2325e+06
Mooroolbark,,,,,,,,707500,860000
Mordialloc,400,540,740,580,735,895,580,755000,1.39e+06
Mornington,390,525,635,535,675,890,680,724500,1.0264e+06
Mount Dandenong,,,,,,,,,820000
Mount Eliza,,,,,,,,721000,1.605e+06
Mount Evelyn,,,,,,,,810000,865000
Mount Martha,,,,,,,,850000,1.485e+06
Mount Waverley,262,520,680,550,650,795,670,1.07e+06,1.595e+06
Mulgrave,540,640,650,580,630,750,680,827500,1.15e+06
Murrumbeena,395,550,693,550,730,940,570,493000,1.587e+06
Nar Nar Goon North,,,,,,,,,730000
Narre Warren,370,470,520,480,540,640,550,601500,755500
Narre Warren North,,,,,,,,,1.4e+06
Narre Warren South,,,,,,,,667500,798400
Newport,453,585,740,550,700,900,615,880000,1.31e+06
Niddrie,,,,,,,,662500,1.26e+06
Noble Park,350,480,570,480,550,650,500,531300,777500
Noble Park North,,,,,,,,520000,767500
North Melbourne,503,650,880,650,850,995,600,511000,1.267e+06
Northcote,420,600,800,700,850,1150,640,600000,1.72e+06
Notting Hill,,,,,,,,443500,1.228e+06
Nunawading,420,500,648,500,600,723,570,690000,1.175e+06
Oak Park,375,480,600,490,550,650,525,633000,1.15e+06
Oakleigh,490,570,680,550,635,850,620,520500,1.26e+06
Oakleigh East,,,,,,,,748500,1.226e+06
Oakleigh South,,,,,,,,760000,1.179e+06
Officer,,,,,,,,547800,740000
Officer South,,,,,,,,,915000
Olinda,,,,,,,,,1e+06
Ormond,,,,,,,,587300,1.788e+06
Pakenham,395,438,490,450,520,590,530,490000,670000
Park Orchards,,,,,,,,,2.205e+06
Parkdale,400,540,740,580,735,895,580,815000,1.46e+06
Parkville,500,665,850,650,900,1195,600,560000,1.635e+06
Pascoe Vale,290,500,600,530,620,795,550,640500,1.17e+06
Pascoe Vale South,438,540,700,570,700,850,580,730000,1.2225e+06
Patterson Lakes,,,,,,,,685000,1.0115e+06
Pearcedale,,,,,,,,777500,820000
Point Cook,,,,,,,,561000,815000
Port Melbourne,540,700,1100,705,975,1150,750,740000,1.635e+06
Portsea,395,453,575,480,550,730,575,,4.6e+06
Prahran,440,625,900,752,950,1350,550,493500,1.7875e+06
Preston,420,530,690,575,650,900,550,646300,1.1725e+06
Princes Hill,,,,,,,,,1.425e+06
Red Hill,,,,,,,,,1.595e+06
Reservoir,400,490,600,500,550,665,520,647000,915000
Richmond,500,695,1010,740,960,1300,670,550000,1.4005e+06
Ringwood,430,500,620,517,600,720,550,599000,1.0855e+06
Ringwood East,,,,,,,,717500,1.09e+06
Ringwood North,,,,,,,,730000,1.22e+06
Ripponlea,,,,,,,,580000,1.815e+06
Rockbank,,,,,,,,540000,556000
Rosanna,,,,,,,,1.003e+06,1.3125e+06
Rosebud,,,,,,,,642500,730000
Rowville,,530,625,550,600,730,647,660000,1.11e+06
Roxburgh Park,350,465,518,460,500,620,510,517500,685000
Rye,,,,,,,,675000,920000
Safety Beach,,,,,,,,855000,1.14e+06
Sandhurst,,,,,,,,,1.1e+06
Sandringham,,,,,,,,710000,2.0775e+06
Sassafras,,,,,,,,,930000
Scoresby,400,530,595,530,580,695,600,813000,930000
Seabrook,,,,,,,,,765000
Seaford,370,460,550,475,550,660,550,625000,856000
Seaholme,,,,,,,,638800,1.11e+06
Seddon,390,500,698,600,700,860,600,780000,1.0625e+06
Selby,,,,,,,,,810000
Seville,,,,,,,,,790000
Shoreham,,,,,,,,,1.925e+06
Skye,,,,,,,,575000,787500
Somers,,,,,,,,,1.2e+06
Somerville,,,,,,,,655000,890000
Sorrento,,,,,,,,,1.78e+06
South Kingsville,,,,,,,,720000,1.05e+06
South Melbourne,538,680,965,699,988,,650,592500,1.59e+06
South Yarra,499,700,1050,775,1100,1695,600,575000,1.59e+06
Southbank,550,720,1000,,,,670,595000,
Spotswood,453,585,740,550,700,900,615,610000,1.415e+06
Springvale,360,500,620,500,560,675,550,642000,860000
Springvale South,,,,,,,,604000,785000
St Albans,310,400,475,425,460,540,460,520000,650000
St Andrews Beach,,,,,,,,,1.22e+06
St Kilda,455,620,943,745,950,1110,550,535000,1.423e+06
St Kilda East,,,,,,,,600000,1.58e+06
St Kilda West,,,,,,,,422500,2.76e+06
Strathmore,,,,,,,,688000,1.4855e+06
Strathmore Heights,,,,,,,,,1.075e+06
Strathtulloh,,,,,,,,,625000
Studfield,,,,,,,,832000,1.0775e+06
Sunbury,,420,475,435,480,580,500,506000,677500
Sunshine,330,420,530,450,480,593,480,547000,750000
Sunshine North,,,,,,,,641000,720000
Sunshine West,,,,,,,,600000,710500
Surrey Hills,450,550,700,595,800,1100,650,815000,2.513e+06
Sydenham,,443,470,440,480,540,500,492500,690000
Syndal,,,,,,,,1.145e+06,1.832e+06
Tarneit,,,,,,,,440000,650000
Taylors Hill,,,,,,,,551300,948500
Taylors Lakes,,,,,,,,590000,982500
Tecoma,,,,,,,,,860000
Templestowe,480,580,700,550,650,800,650,613800,1.604e+06
Templestowe Lower,,,,,,,,903500,1.344e+06
The Basin,,,,,,,,,865000
Thomastown,370,450,500,450,500,580,500,520000,730000
Thornbury,395,500,720,650,775,1000,540,572000,1.3975e+06
Thornhill Park,,,,,,,,,575000
Tooradin,,,,,,,,,731000
Toorak,433,650,950,698,1225,1700,650,800000,3.425e+06
Tootgarook,,,,,,,,,787500
Travancore,,,,,,,,347500,
Truganina,,,,,,,,515000,680000
Tullamarine,,450,530,480,520,615,520,555000,750000
Tyabb,,,,,,,,597500,831000
Upper Ferntree Gully,,,,,,,,500500,920000
Upwey,,,,,,,,,882500
Vermont,510,560,650,540,600,750,630,872500,1.199e+06
Vermont South,,,,,,,,1.104e+06,1.488e+06
Viewbank,,,,,,,,900000,1.136e+06
Wandin North,,,,,,,,,1.026e+06
Wantirna,400,530,595,530,580,695,600,764500,1.104e+06
Wantirna South,,,,,,,,490000,1.28e+06
Warburton,,,,,,,,,633300
Warrandyte,,,,,,,,,1.12e+06
Warranwood,,,,,,,,,1.305e+06
Waterways,,,,,,,,,1.489e+06
Watsonia,,,,,,,,711000,880500
Watsonia North,,,,,,,,,862500
Weir Views,,,,,,,,,561000
Werribee,350,410,460,420,470,530,500,450000,601000
Werribee South,,,,,,,,487500,657500
West Footscray,350,475,600,500,600,723,540,387800,847500
West Melbourne,503,650,880,650,850,995,600,485000,1.1175e+06
Westmeadows,,,,,,,,597500,700000
Wheelers Hill,,,,,,,,877800,1.4789e+06
Whittlesea,,450,500,450,510,560,540,410000,755000
Williams Landing,,,,,,,,448800,850000
Williamstown,460,530,643,620,780,943,650,940000,1.44e+06
Williamstown North,,,,,,,,745000,1.1925e+06
Windsor,440,625,900,752,950,1350,550,592000,1.3915e+06
Wollert,,,,,,,,470000,700000
Wonga Park,,,,,,,,,1.3025e+06
Woodstock,,,,,,,,,662500
Woori Yallock,,,,,,,,,715000
Wyndham Vale,,,,,,,,497500,574500
Yallambie,,,,,,,,,997500
Yarra Glen,,,,,,,,,940000
Yarra Junction,,,,,,,,670000,657500
Yarraville,390,500,698,600,700,860,600,635000,1.09e+06
