year_from_onset,single_parent_pct,population_pct,source_attribution
0,100,100,"HILDA Statistical Report 2024, Figure 2.11, CC-BY 3.0 AU"
1,63,42,"HILDA Statistical Report 2024, Figure 2.11, CC-BY 3.0 AU"
2,38,23,"HILDA Statistical Report 2024, Figure 2.11, CC-BY 3.0 AU"
3,27,15,"HILDA Statistical Report 2024, Figure 2.11, CC-BY 3.0 AU"
4,22,11,"HILDA Statistical Report 2024, Figure 2.11, CC-BY 3.0 AU"
5,20,9,"HILDA Statistical Report 2024, Figure 2.11, CC-BY 3.0 AU"
6,17,8,"HILDA Statistical Report 2024, Figure 2.11, CC-BY 3.0 AU"
7,15,7,"HILDA Statistical Report 2024, Figure 2.11, CC-BY 3.0 AU"
8,13,6,"HILDA Statistical Report 2024, Figure 2.11, CC-BY 3.0 AU"
