year,family_type,stress_pct,source_attribution
2001,Single parent with dependent children,17.5,"HILDA Statistical Report 2024, Figure 3.9, CC-BY 3.0 AU"
2001,All people,8.0,"HILDA Statistical Report 2024, Figure 3.9, CC-BY 3.0 AU"
2002,Single parent with dependent children,17.0,"HILDA Statistical Report 2024, Figure 3.9, CC-BY 3.0 AU"
2002,All people,7.9,"HILDA Statistical Report 2024, Figure 3.9, CC-BY 3.0 AU"
2003,Single parent with dependent children,17.2,"HILDA Statistical Report 2024, Figure 3.9, CC-BY 3.0 AU"
2003,All people,7.8,"HILDA Statistical Report 2024, Figure 3.9, CC-BY 3.0 AU"
2004,Single parent with dependent children,18.2,"HILDA Statistical Report 2024, Figure 3.9, CC-BY 3.0 AU"
2004,All people,7.7,"HILDA Statistical Report 2024, Figure 3.9, CC-BY 3.0 AU"
2005,Single parent with dependent children,18.5,"HILDA Statistical Report 2024, Figure 3.9, CC-BY 3.0 AU"
2005,All people,7.5,"HILDA Statistical Report 2024, Figure 3.9, CC-BY 3.0 AU"
2006,Single parent with dependent children,18.3,"HILDA Statistical Report 2024, Figure 3.9, CC-BY 3.0 AU"
2006,All people,7.6,"HILDA Statistical Report 2024, Figure 3.9, CC-BY 3.0 AU"
2007,Single parent with dependent children,18.1,"HILDA Statistical Report 2024, Figure 3.9, CC-BY 3.0 AU"
2007,All people,8.0,"HILDA Statistical Report 2024, Figure 3.9, CC-BY 3.0 AU"
2008,Single parent with dependent children,22.0,"HILDA Statistical Report 2024, Figure 3.9, CC-BY 3.0 AU"
2008,All people,9.5,"HILDA Statistical Report 2024, Figure 3.9, CC-BY 3.0 AU"
2009,Single parent with dependent children,19.0,"HILDA Statistical Report 2024, Figure 3.9, CC-BY 3.0 AU"
2009,All people,9.2,"HILDA Statistical Report 2024, Figure 3.9, CC-BY 3.0 AU"
2010,Single parent with dependent children,26.0,"HILDA Statistical Report 2024, Figure 3.9, CC-BY 3.0 AU"
2010,All people,10.1,"HILDA Statistical Report 2024, Figure 3.9, CC-BY 3.0 AU"
2011,Single parent with dependent children,24.0,"HILDA Statistical Report 2024, Figure 3.9, CC-BY 3.0 AU"
2011,All people,10.5,"HILDA Statistical Report 2024, Figure 3.9, CC-BY 3.0 AU"
2012,Single parent with dependent children,22.5,"HILDA Statistical Report 2024, Figure 3.9, CC-BY 3.0 AU"
2012,All people,9.8,"HILDA Statistical Report 2024, Figure 3.9, CC-BY 3.0 AU"
2013,Single parent with dependent children,21.0,"HILDA Statistical Report 2024, Figure 3.9, CC-BY 3.0 AU"
2013,All people,9.5,"HILDA Statistical Report 2024, Figure 3.9, CC-BY 3.0 AU"
2014,Single parent with dependent children,22.5,"HILDA Statistical Report 2024, Figure 3.9, CC-BY 3.0 AU"
2014,All people,10.1,"HILDA Statistical Report 2024, Figure 3.9, CC-BY 3.0 AU"
2015,Single parent with dependent children,23.5,"HILDA Statistical Report 2024, Figure 3.9, CC-BY 3.0 AU"
2015,All people,10.2,"HILDA Statistical Report 2024, Figure 3.9, CC-BY 3.0 AU"
2016,Single parent with dependent children,26.8,"HILDA Statistical Report 2024, Figure 3.9, CC-BY 3.0 AU"
2016,All people,11.0,"HILDA Statistical Report 2024, Figure 3.9, CC-BY 3.0 AU"
2017,Single parent with dependent children,26.0,"HILDA Statistical Report 2024, Figure 3.9, CC-BY 3.0 AU"
2017,All people,10.6,"HILDA Statistical Report 2024, Figure 3.9, CC-BY 3.0 AU"
2018,Single parent with dependent children,24.0,"HILDA Statistical Report 2024, Figure 3.9, CC-BY 3.0 AU"
2018,All people,10.3,"HILDA Statistical Report 2024, Figure 3.9, CC-BY 3.0 AU"
2019,Single parent with dependent children,26.0,"HILDA Statistical Report 2024, Figure 3.9, CC-BY 3.0 AU"
2019,All people,10.5,"HILDA Statistical Report 2024, Figure 3.9, CC-BY 3.0 AU"
2020,Single parent with dependent children,20.8,"HILDA Statistical Report 2024, Figure 3.9, CC-BY 3.0 AU"
2020,All people,9.2,"HILDA Statistical Report 2024, Figure 3.9, CC-BY 3.0 AU"
2021,Single parent with dependent children,22.5,"HILDA Statistical Report 2024, Figure 3.9, CC-BY 3.0 AU"
2021,All people,8.9,"HILDA Statistical Report 2024, Figure 3.9, CC-BY 3.0 AU"
2022,Single parent with dependent children,23.0,"HILDA Statistical Report 2024, Figure 3.9, CC-BY 3.0 AU"
2022,All people,9.0,"HILDA Statistical Report 2024, Figure 3.9, CC-BY 3.0 AU"
