period,category,subcategory,measure,value,source_attribution
2002-03,Parent type,Couple parents,median_weekly,83.9,"HILDA Survey Statistical Report 2024, Melbourne Institute, CC-BY 3.0 AU"
2004-05,Parent type,Couple parents,median_weekly,112.0,"HILDA Survey Statistical Report 2024, Melbourne Institute, CC-BY 3.0 AU"
2006-07,Parent type,Couple parents,median_weekly,150.5,"HILDA Survey Statistical Report 2024, Melbourne Institute, CC-BY 3.0 AU"
2008-09,Parent type,Couple parents,median_weekly,150.0,"HILDA Survey Statistical Report 2024, Melbourne Institute, CC-BY 3.0 AU"
2010-12,Parent type,Couple parents,median_weekly,151.8,"HILDA Survey Statistical Report 2024, Melbourne Institute, CC-BY 3.0 AU"
2013-14,Parent type,Couple parents,median_weekly,176.5,"HILDA Survey Statistical Report 2024, Melbourne Institute, CC-BY 3.0 AU"
2015-16,Parent type,Couple parents,median_weekly,183.7,"HILDA Survey Statistical Report 2024, Melbourne Institute, CC-BY 3.0 AU"
2017-18,Parent type,Couple parents,median_weekly,190.0,"HILDA Survey Statistical Report 2024, Melbourne Institute, CC-BY 3.0 AU"
2019-20,Parent type,Couple parents,median_weekly,183.4,"HILDA Survey Statistical Report 2024, Melbourne Institute, CC-BY 3.0 AU"
2021-22,Parent type,Couple parents,median_weekly,191.8,"HILDA Survey Statistical Report 2024, Melbourne Institute, CC-BY 3.0 AU"
2002-03,Parent type,Single parents,median_weekly,51.8,"HILDA Survey Statistical Report 2024, Melbourne Institute, CC-BY 3.0 AU"
2004-05,Parent type,Single parents,median_weekly,45.9,"HILDA Survey Statistical Report 2024, Melbourne Institute, CC-BY 3.0 AU"
2006-07,Parent type,Single parents,median_weekly,74.4,"HILDA Survey Statistical Report 2024, Melbourne Institute, CC-BY 3.0 AU"
2008-09,Parent type,Single parents,median_weekly,73.4,"HILDA Survey Statistical Report 2024, Melbourne Institute, CC-BY 3.0 AU"
2010-12,Parent type,Single parents,median_weekly,82.8,"HILDA Survey Statistical Report 2024, Melbourne Institute, CC-BY 3.0 AU"
2013-14,Parent type,Single parents,median_weekly,95.9,"HILDA Survey Statistical Report 2024, Melbourne Institute, CC-BY 3.0 AU"
2015-16,Parent type,Single parents,median_weekly,120.8,"HILDA Survey Statistical Report 2024, Melbourne Institute, CC-BY 3.0 AU"
2017-18,Parent type,Single parents,median_weekly,99.0,"HILDA Survey Statistical Report 2024, Melbourne Institute, CC-BY 3.0 AU"
2019-20,Parent type,Single parents,median_weekly,90.5,"HILDA Survey Statistical Report 2024, Melbourne Institute, CC-BY 3.0 AU"
2021-22,Parent type,Single parents,median_weekly,130.2,"HILDA Survey Statistical Report 2024, Melbourne Institute, CC-BY 3.0 AU"
2002-03,Age of youngest child,0 years,median_weekly,69.1,"HILDA Survey Statistical Report 2024, Melbourne Institute, CC-BY 3.0 AU"
2004-05,Age of youngest child,0 years,median_weekly,88.0,"HILDA Survey Statistical Report 2024, Melbourne Institute, CC-BY 3.0 AU"
2006-07,Age of youngest child,0 years,median_weekly,133.3,"HILDA Survey Statistical Report 2024, Melbourne Institute, CC-BY 3.0 AU"
2008-09,Age of youngest child,0 years,median_weekly,116.5,"HILDA Survey Statistical Report 2024, Melbourne Institute, CC-BY 3.0 AU"
2010-12,Age of youngest child,0 years,median_weekly,130.8,"HILDA Survey Statistical Report 2024, Melbourne Institute, CC-BY 3.0 AU"
2013-14,Age of youngest child,0 years,median_weekly,124.5,"HILDA Survey Statistical Report 2024, Melbourne Institute, CC-BY 3.0 AU"
2015-16,Age of youngest child,0 years,median_weekly,146.9,"HILDA Survey Statistical Report 2024, Melbourne Institute, CC-BY 3.0 AU"
2017-18,Age of youngest child,0 years,median_weekly,172.4,"HILDA Survey Statistical Report 2024, Melbourne Institute, CC-BY 3.0 AU"
2019-20,Age of youngest child,0 years,median_weekly,160.5,"HILDA Survey Statistical Report 2024, Melbourne Institute, CC-BY 3.0 AU"
2021-22,Age of youngest child,0 years,median_weekly,166.9,"HILDA Survey Statistical Report 2024, Melbourne Institute, CC-BY 3.0 AU"
2002-03,Age of youngest child,1 year,median_weekly,72.6,"HILDA Survey Statistical Report 2024, Melbourne Institute, CC-BY 3.0 AU"
2004-05,Age of youngest child,1 year,median_weekly,121.6,"HILDA Survey Statistical Report 2024, Melbourne Institute, CC-BY 3.0 AU"
2006-07,Age of youngest child,1 year,median_weekly,142.6,"HILDA Survey Statistical Report 2024, Melbourne Institute, CC-BY 3.0 AU"
2008-09,Age of youngest child,1 year,median_weekly,123.8,"HILDA Survey Statistical Report 2024, Melbourne Institute, CC-BY 3.0 AU"
2010-12,Age of youngest child,1 year,median_weekly,143.9,"HILDA Survey Statistical Report 2024, Melbourne Institute, CC-BY 3.0 AU"
2013-14,Age of youngest child,1 year,median_weekly,186.8,"HILDA Survey Statistical Report 2024, Melbourne Institute, CC-BY 3.0 AU"
2015-16,Age of youngest child,1 year,median_weekly,169.1,"HILDA Survey Statistical Report 2024, Melbourne Institute, CC-BY 3.0 AU"
2017-18,Age of youngest child,1 year,median_weekly,207.8,"HILDA Survey Statistical Report 2024, Melbourne Institute, CC-BY 3.0 AU"
2019-20,Age of youngest child,1 year,median_weekly,197.9,"HILDA Survey Statistical Report 2024, Melbourne Institute, CC-BY 3.0 AU"
2021-22,Age of youngest child,1 year,median_weekly,170.5,"HILDA Survey Statistical Report 2024, Melbourne Institute, CC-BY 3.0 AU"
2002-03,Age of youngest child,2 years,median_weekly,77.2,"HILDA Survey Statistical Report 2024, Melbourne Institute, CC-BY 3.0 AU"
2004-05,Age of youngest child,2 years,median_weekly,112.0,"HILDA Survey Statistical Report 2024, Melbourne Institute, CC-BY 3.0 AU"
2006-07,Age of youngest child,2 years,median_weekly,135.5,"HILDA Survey Statistical Report 2024, Melbourne Institute, CC-BY 3.0 AU"
2008-09,Age of youngest child,2 years,median_weekly,145.6,"HILDA Survey Statistical Report 2024, Melbourne Institute, CC-BY 3.0 AU"
2010-12,Age of youngest child,2 years,median_weekly,147.2,"HILDA Survey Statistical Report 2024, Melbourne Institute, CC-BY 3.0 AU"
2013-14,Age of youngest child,2 years,median_weekly,191.9,"HILDA Survey Statistical Report 2024, Melbourne Institute, CC-BY 3.0 AU"
2015-16,Age of youngest child,2 years,median_weekly,183.7,"HILDA Survey Statistical Report 2024, Melbourne Institute, CC-BY 3.0 AU"
2017-18,Age of youngest child,2 years,median_weekly,178.1,"HILDA Survey Statistical Report 2024, Melbourne Institute, CC-BY 3.0 AU"
2019-20,Age of youngest child,2 years,median_weekly,171.9,"HILDA Survey Statistical Report 2024, Melbourne Institute, CC-BY 3.0 AU"
2021-22,Age of youngest child,2 years,median_weekly,200.3,"HILDA Survey Statistical Report 2024, Melbourne Institute, CC-BY 3.0 AU"
2002-03,Age of youngest child,3 years,median_weekly,82.9,"HILDA Survey Statistical Report 2024, Melbourne Institute, CC-BY 3.0 AU"
2004-05,Age of youngest child,3 years,median_weekly,80.3,"HILDA Survey Statistical Report 2024, Melbourne Institute, CC-BY 3.0 AU"
2006-07,Age of youngest child,3 years,median_weekly,126.4,"HILDA Survey Statistical Report 2024, Melbourne Institute, CC-BY 3.0 AU"
2008-09,Age of youngest child,3 years,median_weekly,144.0,"HILDA Survey Statistical Report 2024, Melbourne Institute, CC-BY 3.0 AU"
2010-12,Age of youngest child,3 years,median_weekly,124.2,"HILDA Survey Statistical Report 2024, Melbourne Institute, CC-BY 3.0 AU"
2013-14,Age of youngest child,3 years,median_weekly,153.5,"HILDA Survey Statistical Report 2024, Melbourne Institute, CC-BY 3.0 AU"
2015-16,Age of youngest child,3 years,median_weekly,157.0,"HILDA Survey Statistical Report 2024, Melbourne Institute, CC-BY 3.0 AU"
2017-18,Age of youngest child,3 years,median_weekly,174.7,"HILDA Survey Statistical Report 2024, Melbourne Institute, CC-BY 3.0 AU"
2019-20,Age of youngest child,3 years,median_weekly,154.7,"HILDA Survey Statistical Report 2024, Melbourne Institute, CC-BY 3.0 AU"
2021-22,Age of youngest child,3 years,median_weekly,191.8,"HILDA Survey Statistical Report 2024, Melbourne Institute, CC-BY 3.0 AU"
2002-03,Age of youngest child,4 years,median_weekly,73.8,"HILDA Survey Statistical Report 2024, Melbourne Institute, CC-BY 3.0 AU"
2004-05,Age of youngest child,4 years,median_weekly,86.8,"HILDA Survey Statistical Report 2024, Melbourne Institute, CC-BY 3.0 AU"
2006-07,Age of youngest child,4 years,median_weekly,125.5,"HILDA Survey Statistical Report 2024, Melbourne Institute, CC-BY 3.0 AU"
2008-09,Age of youngest child,4 years,median_weekly,115.8,"HILDA Survey Statistical Report 2024, Melbourne Institute, CC-BY 3.0 AU"
2010-12,Age of youngest child,4 years,median_weekly,130.8,"HILDA Survey Statistical Report 2024, Melbourne Institute, CC-BY 3.0 AU"
2013-14,Age of youngest child,4 years,median_weekly,140.7,"HILDA Survey Statistical Report 2024, Melbourne Institute, CC-BY 3.0 AU"
2015-16,Age of youngest child,4 years,median_weekly,171.5,"HILDA Survey Statistical Report 2024, Melbourne Institute, CC-BY 3.0 AU"
2017-18,Age of youngest child,4 years,median_weekly,178.1,"HILDA Survey Statistical Report 2024, Melbourne Institute, CC-BY 3.0 AU"
2019-20,Age of youngest child,4 years,median_weekly,152.7,"HILDA Survey Statistical Report 2024, Melbourne Institute, CC-BY 3.0 AU"
2021-22,Age of youngest child,4 years,median_weekly,161.4,"HILDA Survey Statistical Report 2024, Melbourne Institute, CC-BY 3.0 AU"
2002-03,All families,All families,median_weekly,73.8,"HILDA Survey Statistical Report 2024, Melbourne Institute, CC-BY 3.0 AU"
2004-05,All families,All families,median_weekly,96.6,"HILDA Survey Statistical Report 2024, Melbourne Institute, CC-BY 3.0 AU"
2006-07,All families,All families,median_weekly,131.7,"HILDA Survey Statistical Report 2024, Melbourne Institute, CC-BY 3.0 AU"
2008-09,All families,All families,median_weekly,131.1,"HILDA Survey Statistical Report 2024, Melbourne Institute, CC-BY 3.0 AU"
2010-12,All families,All families,median_weekly,133.8,"HILDA Survey Statistical Report 2024, Melbourne Institute, CC-BY 3.0 AU"
2013-14,All families,All families,median_weekly,159.9,"HILDA Survey Statistical Report 2024, Melbourne Institute, CC-BY 3.0 AU"
2015-16,All families,All families,median_weekly,171.4,"HILDA Survey Statistical Report 2024, Melbourne Institute, CC-BY 3.0 AU"
2017-18,All families,All families,median_weekly,178.1,"HILDA Survey Statistical Report 2024, Melbourne Institute, CC-BY 3.0 AU"
2019-20,All families,All families,median_weekly,169.6,"HILDA Survey Statistical Report 2024, Melbourne Institute, CC-BY 3.0 AU"
2021-22,All families,All families,median_weekly,189.2,"HILDA Survey Statistical Report 2024, Melbourne Institute, CC-BY 3.0 AU"
