year,state,family_type,total_families_thousands,families_dependants_0_14_thousands
1994,Victoria,One parent families,157.296,81.077
1995,Victoria,One parent families,166.213,91.468
1996,Victoria,One parent families,167.406,88.532
1997,Victoria,One parent families,167.949,90.057
1998,Victoria,One parent families,188.304,108.647
1999,Victoria,One parent families,191.734,105.307
2000,Victoria,One parent families,192.638,102.99
2001,Victoria,One parent families,201.079,116.245
2002,Victoria,One parent families,197.895,115.618
2003,Victoria,One parent families,193.249,103.061
2004,Victoria,One parent families,216.807,106.831
2005,Victoria,One parent families,197.464,100.433
2006,Victoria,One parent families,182.766,92.432
2007,Victoria,One parent families,195.293,99.708
2008,Victoria,One parent families,193.353,100.732
2009,Victoria,One parent families,207.27,106.815
2010,Victoria,One parent families,210.564,99.237
2011,Victoria,One parent families,221.096,106.23
2012,Victoria,One parent families,220.157,106.817
2013,Victoria,One parent families,214.574,104.848
2014,Victoria,One parent families,237.47,103.199
2015,Victoria,One parent families,244.245,117.111
2016,Victoria,One parent families,241.357,108.531
2017,Victoria,One parent families,256.282,125.914
2018,Victoria,One parent families,262.067,129.656
2019,Victoria,One parent families,251.124,118.671
2019,Victoria,One parent families,260.573,119.519
2019,Victoria,One parent families,265.549,119.292
2019,Victoria,One parent families,267.582,126.536
2020,Victoria,One parent families,252.127,123.717
2020,Victoria,One parent families,255.993,124.009
2020,Victoria,One parent families,253.636,118.053
2020,Victoria,One parent families,264.654,119.776
2021,Victoria,One parent families,273.147,128.612
2021,Victoria,One parent families,261.16,119.525
2021,Victoria,One parent families,264.71,119.089
2021,Victoria,One parent families,254.742,117.039
2022,Victoria,One parent families,256.146,121.257
2022,Victoria,One parent families,258.775,121.318
2023,Victoria,One parent families,244.348,115.91
2024,Victoria,One parent families,283.929,119.388
