date,total_recipients,male_recipients,female_recipients,VIC_recipients,recipients_without_earnings,recipients_with_earnings
2012-01-01,324275,15715,308555,71920,224065,100210
2012-02-01,324660,15665,308995,71935,218115,106550
2012-03-01,325125,15660,309465,71990,217115,108010
2012-04-01,324765,15675,309085,71875,219335,105430
2012-05-01,324845,15680,309165,71850,217020,107825
2012-06-01,323835,15565,308270,71535,216850,106985
2012-07-01,323100,15465,307630,71385,218880,104220
2012-08-01,322270,15455,306815,71165,217255,105015
2012-09-01,321625,15510,306110,71120,216770,104855
2012-10-01,321170,15595,305575,70835,216865,104305
2012-11-01,320735,15575,305160,70640,215925,104810
2012-12-01,319810,15595,304215,70295,228470,91340
2013-01-01,256415,12445,243970,54195,202060,54350
2013-02-01,256890,12450,244445,54355,193950,62945
2013-03-01,257730,12550,245180,54445,197230,60495
2013-04-01,257800,12605,245195,54510,194135,63665
2013-05-01,258520,12685,245835,54605,193595,64925
2013-06-01,258725,12740,245985,54660,194065,64660
2013-07-01,258740,12730,246010,54690,196110,62630
2013-08-01,258650,12790,245860,54680,194645,64005
2013-09-01,258860,12840,246020,54835,194785,64075
2013-10-01,259445,12935,246505,54915,195640,63805
2013-11-01,260255,13055,247200,55020,195350,64905
2013-12-01,260520,13090,247430,55100,202635,57885
2014-01-01,261700,13200,248500,55205,201690,60010
2014-02-01,262475,13265,249210,55410,199245,63230
2014-03-01,263425,13345,250075,55600,199145,64275
2014-04-01,263565,13415,250150,55665,200185,63380
2014-05-01,264195,13470,250730,55875,199255,64940
2014-06-01,264200,13430,250770,55850,199350,64850
2014-07-01,264310,13475,250835,55905,200765,63545
2014-08-01,263890,13480,250410,55815,199740,64150
2014-09-01,263525,13530,249995,55680,201085,62440
2014-10-01,263705,13625,250080,55705,199490,64215
2014-11-01,264035,13625,250410,55715,199010,65025
2014-12-01,264460,13695,250765,55750,207955,56505
2015-01-01,264525,13720,250805,55710,204330,60195
2015-02-01,265355,13830,251525,55810,201890,63465
2015-03-01,265920,13890,252030,55980,201360,64560
2015-04-01,265930,13900,252030,55980,202240,63690
2015-05-01,265660,13900,251755,55935,200410,65250
2015-06-01,265375,13905,251470,55865,199955,65420
2015-07-01,264175,13775,250400,55655,200080,64095
2015-08-01,263860,13780,250080,55665,199020,64840
2015-09-01,263805,13870,249935,55700,199150,64655
2015-10-01,264075,14020,250055,55615,198605,65475
2015-11-01,264405,14120,250285,55635,198290,66115
2015-12-01,264870,14195,250675,55755,209820,55050
2016-01-01,264225,14135,250090,55710,203140,61085
2016-02-01,264155,14160,249990,55580,199740,64410
2016-03-01,263950,14185,249765,55570,202295,61655
2016-04-01,263660,14230,249430,55565,198760,64900
2016-05-01,263915,14185,249725,55580,197905,66010
2016-06-01,263695,14145,249550,55645,197490,66200
2016-07-01,263000,14070,248935,55490,197735,65265
2016-08-01,262330,14035,248300,55365,196345,65985
2016-09-01,261800,14100,247700,55310,196190,65605
2016-10-01,261465,14125,247340,55295,195465,66000
2016-11-01,261465,14150,247315,55230,194760,66705
2016-12-01,260935,14140,246795,55090,199685,61250
2017-01-01,261770,14195,247570,55205,200460,61310
2017-02-01,261440,14180,247260,55135,196415,65020
2017-03-01,260915,14110,246805,55020,194735,66180
2017-04-01,260595,14055,246540,55015,195465,65135
2017-05-01,260265,13975,246290,54960,193355,66910
2017-06-01,259180,13880,245300,54750,192240,66945
2017-07-01,257610,13785,243825,54400,192190,65420
2017-08-01,256345,13635,242710,54175,190575,65770
2017-09-01,255735,13615,242120,53955,190000,65735
2017-10-01,254855,13540,241315,53730,188845,66010
2017-11-01,254530,13530,241000,53670,189170,65360
2017-12-01,253205,13430,239775,53320,191395,61810
2018-01-01,252425,13375,239050,53130,191515,60910
2018-02-01,251600,13290,238305,52965,187270,64325
2018-03-01,250380,13160,237225,52625,190755,59625
2018-04-01,249045,13030,236015,52295,184865,64180
2018-05-01,248250,12975,235275,52100,183155,65095
2018-06-01,247250,12830,234425,51900,181430,65825
2018-07-01,245900,12770,233130,51585,181680,64220
2018-08-01,244875,12680,232195,51330,179355,65520
2018-09-01,243840,12590,231255,51015,177980,65865
2018-10-01,242850,12490,230360,50810,176830,66020
2018-11-01,241405,12330,229075,50485,174225,67180
2018-12-01,240465,12245,228220,50280,179485,60980
2019-01-01,239600,12165,227435,50060,181100,58500
2019-02-01,237985,12000,225985,49775,172760,65230
2019-03-01,240130,12165,227965,50210,173535,66595
2019-04-01,238825,12065,226755,49935,173585,65240
2019-05-01,238100,12000,226100,49750,171885,66215
2019-06-01,237320,11965,225355,49545,171060,66255
2019-07-01,236560,11885,224670,49365,171385,65175
2019-08-01,234015,11670,222345,48770,168770,65245
2019-09-01,233360,11605,221755,48590,168415,64945
2019-10-01,232485,11530,220955,48390,167905,64580
2019-11-01,232170,11525,220645,48270,166395,65770
2019-12-01,231770,11510,220260,48110,171455,60320
2020-01-01,231615,11510,220100,47890,169875,61735
2020-02-01,232190,11565,220625,47995,166490,65700
2020-03-01,232595,11575,221015,48100,171335,61255
2020-04-01,234560,11660,222900,48540,183460,51100
2020-05-01,243440,12270,231170,50530,184900,58540
2020-06-01,244165,12295,231870,50805,181970,62195
2020-07-01,244980,12320,232660,50925,181530,63450
2020-08-01,245735,12325,233405,51075,181545,64185
2020-09-01,245750,12250,233505,50950,180955,64795
2020-10-01,245490,12240,233245,50825,178815,66670
2020-11-01,245430,12180,233250,50750,176370,69060
2020-12-01,244585,12130,232460,50430,179345,65240
2021-01-01,243350,12000,231350,50065,178320,65030
2021-02-01,244275,11950,232330,50210,174650,69625
2021-03-01,243865,11925,231940,50060,171675,72190
2021-04-01,240990,11720,229270,49210,170245,70745
2021-05-01,240420,11615,228805,49070,167490,72930
2021-06-01,240270,11620,228650,49055,167555,72715
2021-07-01,238430,11485,226945,48525,167755,70675
2021-08-01,238385,11445,226935,48480,171015,67365
2021-09-01,237395,11395,226000,48160,171700,65695
2021-10-01,236665,11335,225330,47915,169715,66955
2021-11-01,235995,11270,224725,47685,164815,71185
2021-12-01,235405,11220,224190,47435,166480,68925
2022-01-01,234585,11080,223505,47215,169015,65575
2022-02-01,235690,11050,224640,47285,165770,69915
2022-03-01,233815,10865,222950,46690,162370,71445
2022-04-01,232580,10700,221880,46375,161380,71200
2022-05-01,232410,10670,221745,46345,158915,73495
2022-06-01,233535,10725,222810,46565,158365,75170
2022-07-01,232305,10525,221780,46190,158455,73850
2022-08-01,231395,10435,220960,46110,157880,73515
2022-09-01,231145,10400,220745,45930,158085,73060
2022-10-01,231690,10445,221245,46335,158730,72960
2022-11-01,231265,10420,220845,46080,157095,74175
2022-12-01,230830,10350,220475,45920,157760,73070
2023-01-01,230725,10365,220360,45820,160550,70175
2023-02-01,230490,10335,220155,45765,156455,74035
2023-03-01,230520,10345,220175,45705,154475,76045
2023-04-01,229320,10190,219130,45485,153890,75425
2023-05-01,227955,10095,217860,45235,152705,75255
2023-06-01,226635,9965,216670,44920,152400,74235
2023-07-01,226100,9885,216215,44780,153780,72320
2023-08-01,225175,9805,215370,44560,148955,76220
2023-09-01,290630,16840,273790,58685,197855,92775
2023-10-01,293420,17095,276330,59140,188695,104725
2023-11-01,297005,17420,279585,60155,188235,108770
2023-12-01,300570,17745,282830,60945,192200,108375
2024-01-01,303015,17880,285135,61440,200070,102945
2024-02-01,304745,18040,286710,61865,194120,110625
2024-03-01,309370,18365,291005,62870,194785,114585
2024-04-01,314880,18875,296005,64025,198985,115895
2024-05-01,319320,19240,300080,65165,200005,119315
2024-06-01,320930,19420,301510,65660,200575,120355
2024-07-01,321815,19570,302245,65955,202205,119610
2024-08-01,323400,19810,303590,66480,201795,121605
2024-09-01,323755,19795,303960,66620,200980,122775
2024-10-01,325020,19885,305135,66940,202190,122825
2024-11-01,326750,20020,306735,67390,201335,125415
2024-12-01,327820,20180,307640,67675,203500,124320
2025-01-01,328525,20235,308290,67785,211345,117180
2025-02-01,328625,20200,308425,67900,204710,123915
2025-03-01,328790,20190,308600,67890,202780,126010
2025-04-01,330780,20410,310370,68350,206085,124695
2025-05-01,331695,20535,311160,68700,204020,127675
2025-06-01,331770,20575,311195,68765,203725,128050
2025-07-01,331635,20530,311105,68850,207150,124485
