year,state,family_type,labour_force_status,total_families_thousands,families_with_children_0_14_thousands
2010,Victoria,Couple families - Summary,Couple families,1266.114,469.44
2010,Victoria,Couple families - Summary,Both partners employed,662.186,264.713
2010,Victoria,Couple families - Summary,At least one partner employed,997.244,438.372
2010,Victoria,Couple families - Summary,Neither partner employed,243.747,23.672
2010,Victoria,One parent families - Summary,One parent families,210.564,99.237
2010,Victoria,One parent families - Summary,Employed parent,111.497,52.767
2010,Victoria,One parent families - Summary,Unemployed parent,10.658,7.985
2010,Victoria,One parent families - Summary,Parent not in the labour force,86.695,38.485
2011,Victoria,Couple families - Summary,Couple families,1290.346,469.845
2011,Victoria,Couple families - Summary,Both partners employed,706.066,286.365
2011,Victoria,Couple families - Summary,At least one partner employed,1021.104,440.221
2011,Victoria,Couple families - Summary,Neither partner employed,247.984,24.399
2011,Victoria,One parent families - Summary,One parent families,221.096,106.23
2011,Victoria,One parent families - Summary,Employed parent,122.233,60.555
2011,Victoria,One parent families - Summary,Unemployed parent,9.947,5.883
2011,Victoria,One parent families - Summary,Parent not in the labour force,85.558,39.464
2012,Victoria,Couple families - Summary,Couple families,1316.837,478.368
2012,Victoria,Couple families - Summary,Both partners employed,716.441,292.494
2012,Victoria,Couple families - Summary,At least one partner employed,1041.454,445.945
2012,Victoria,Couple families - Summary,Neither partner employed,253.014,22.906
2012,Victoria,One parent families - Summary,One parent families,220.157,106.817
2012,Victoria,One parent families - Summary,Employed parent,117.8,58.839
2012,Victoria,One parent families - Summary,Unemployed parent,10.261,6.671
2012,Victoria,One parent families - Summary,Parent not in the labour force,90.435,40.36
2013,Victoria,Couple families - Summary,Couple families,1362.281,493.713
2013,Victoria,Couple families - Summary,Both partners employed,734.893,302.65
2013,Victoria,Couple families - Summary,At least one partner employed,1076.192,462.023
2013,Victoria,Couple families - Summary,Neither partner employed,260.934,25.44
2013,Victoria,One parent families - Summary,One parent families,214.574,104.848
2013,Victoria,One parent families - Summary,Employed parent,112.407,56.85
2013,Victoria,One parent families - Summary,Unemployed parent,13.262,7.648
2013,Victoria,One parent families - Summary,Parent not in the labour force,85.848,39.143
2014,Victoria,Couple families - Summary,Couple families,1369.203,510.198
2014,Victoria,Couple families - Summary,Both partners employed,716.842,306.709
2014,Victoria,Couple families - Summary,At least one partner employed,1076.412,476.656
2014,Victoria,Couple families - Summary,Neither partner employed,269.383,26.273
2014,Victoria,One parent families - Summary,One parent families,237.47,103.199
2014,Victoria,One parent families - Summary,Employed parent,120.121,55.953
2014,Victoria,One parent families - Summary,Unemployed parent,13.622,7.233
2014,Victoria,One parent families - Summary,Parent not in the labour force,103.727,40.013
2015,Victoria,Couple families - Summary,Couple families,1401.555,509.863
2015,Victoria,Couple families - Summary,Both partners employed,727.541,308.712
2015,Victoria,Couple families - Summary,At least one partner employed,1089.218,474.795
2015,Victoria,Couple families - Summary,Neither partner employed,283.815,28.188
2015,Victoria,One parent families - Summary,One parent families,244.245,117.111
2015,Victoria,One parent families - Summary,Employed parent,131.173,64.399
2015,Victoria,One parent families - Summary,Unemployed parent,17.049,12.237
2015,Victoria,One parent families - Summary,Parent not in the labour force,91.978,37.877
2016,Victoria,Couple families - Summary,Couple families,1449.618,536.55
2016,Victoria,Couple families - Summary,Both partners employed,781.122,328.117
2016,Victoria,Couple families - Summary,At least one partner employed,1129.346,500.301
2016,Victoria,Couple families - Summary,Neither partner employed,298.954,30.146
2016,Victoria,One parent families - Summary,One parent families,241.357,108.531
2016,Victoria,One parent families - Summary,Employed parent,132.151,60.647
2016,Victoria,One parent families - Summary,Unemployed parent,11.06,5.974
2016,Victoria,One parent families - Summary,Parent not in the labour force,93.732,39.488
2017,Victoria,Couple families - Summary,Couple families,1478.847,535.373
2017,Victoria,Couple families - Summary,Both partners employed,794.583,332.686
2017,Victoria,Couple families - Summary,At least one partner employed,1164.081,504.97
2017,Victoria,Couple families - Summary,Neither partner employed,289.434,23.904
2017,Victoria,One parent families - Summary,One parent families,256.282,125.914
2017,Victoria,One parent families - Summary,Employed parent,136.128,69.146
2017,Victoria,One parent families - Summary,Unemployed parent,11.004,7.188
2017,Victoria,One parent families - Summary,Parent not in the labour force,105.441,47.802
2018,Victoria,Couple families - Summary,Couple families,1507.773,542.426
2018,Victoria,Couple families - Summary,Both partners employed,825.393,350.316
2018,Victoria,Couple families - Summary,At least one partner employed,1188.89,513.753
2018,Victoria,Couple families - Summary,Neither partner employed,290.562,20.462
2018,Victoria,One parent families - Summary,One parent families,262.067,129.656
2018,Victoria,One parent families - Summary,Employed parent,139.959,74.728
2018,Victoria,One parent families - Summary,Unemployed parent,16.43,9.832
2018,Victoria,One parent families - Summary,Parent not in the labour force,100.733,42.392
2019,Victoria,Couple families - Summary,Couple families,1538.534,561.934
2019,Victoria,Couple families - Summary,Both partners employed,830.522,360.989
2019,Victoria,Couple families - Summary,At least one partner employed,1197.88,532.336
2019,Victoria,Couple families - Summary,Neither partner employed,308.663,24.424
2019,Victoria,One parent families - Summary,One parent families,251.124,118.671
2019,Victoria,One parent families - Summary,Employed parent,146.635,79.142
2019,Victoria,One parent families - Summary,Unemployed parent,10.161,6.179
2019,Victoria,One parent families - Summary,Parent not in the labour force,91.791,32.45
2019,Victoria,Couple families - Summary,Couple families,1525.271,565.729
2019,Victoria,Couple families - Summary,Both partners employed,839.131,369.473
2019,Victoria,Couple families - Summary,At least one partner employed,1190.501,533.162
2019,Victoria,Couple families - Summary,Neither partner employed,309.018,25.108
2019,Victoria,One parent families - Summary,One parent families,260.573,119.519
2019,Victoria,One parent families - Summary,Employed parent,145.049,72.5
2019,Victoria,One parent families - Summary,Unemployed parent,14.926,9.599
2019,Victoria,One parent families - Summary,Parent not in the labour force,97.889,36.518
2019,Victoria,Couple families - Summary,Couple families,1541.124,567.911
2019,Victoria,Couple families - Summary,Both partners employed,850.809,374.475
2019,Victoria,Couple families - Summary,At least one partner employed,1205.511,537.837
2019,Victoria,Couple families - Summary,Neither partner employed,304.833,23.424
2019,Victoria,One parent families - Summary,One parent families,265.549,119.292
2019,Victoria,One parent families - Summary,Employed parent,151.566,80.563
2019,Victoria,One parent families - Summary,Unemployed parent,9.277,5.476
2019,Victoria,One parent families - Summary,Parent not in the labour force,101.505,32.726
2019,Victoria,Couple families - Summary,Couple families,1541.526,562.656
2019,Victoria,Couple families - Summary,Both partners employed,859.607,374.084
2019,Victoria,Couple families - Summary,At least one partner employed,1217.668,533.468
2019,Victoria,Couple families - Summary,Neither partner employed,298.271,20.903
2019,Victoria,One parent families - Summary,One parent families,267.582,126.536
2019,Victoria,One parent families - Summary,Employed parent,162.538,88.537
2019,Victoria,One parent families - Summary,Unemployed parent,6.242,3.698
2019,Victoria,One parent families - Summary,Parent not in the labour force,94.165,32.913
2020,Victoria,Couple families - Summary,Couple families,1557.086,568.216
2020,Victoria,Couple families - Summary,Both partners employed,862.376,379.198
2020,Victoria,Couple families - Summary,At least one partner employed,1223.368,538.524
2020,Victoria,Couple families - Summary,Neither partner employed,311.402,22.232
2020,Victoria,One parent families - Summary,One parent families,252.127,123.717
2020,Victoria,One parent families - Summary,Employed parent,146.359,81.915
2020,Victoria,One parent families - Summary,Unemployed parent,5.737,4.051
2020,Victoria,One parent families - Summary,Parent not in the labour force,97.092,36.851
2020,Victoria,Couple families - Summary,Couple families,1565.2,565.764
2020,Victoria,Couple families - Summary,Both partners employed,833.966,370.968
2020,Victoria,Couple families - Summary,At least one partner employed,1204.627,524.119
2020,Victoria,Couple families - Summary,Neither partner employed,339.004,37.746
2020,Victoria,One parent families - Summary,One parent families,255.993,124.009
2020,Victoria,One parent families - Summary,Employed parent,140.444,76.454
2020,Victoria,One parent families - Summary,Unemployed parent,8.781,5.287
2020,Victoria,One parent families - Summary,Parent not in the labour force,105.904,41.893
2020,Victoria,Couple families - Summary,Couple families,1567.553,569.372
2020,Victoria,Couple families - Summary,Both partners employed,812.9,355.903
2020,Victoria,Couple families - Summary,At least one partner employed,1203.043,522.966
2020,Victoria,Couple families - Summary,Neither partner employed,336.177,37.875
2020,Victoria,One parent families - Summary,One parent families,253.636,118.053
2020,Victoria,One parent families - Summary,Employed parent,133.913,70.271
2020,Victoria,One parent families - Summary,Unemployed parent,5.913,3.481
2020,Victoria,One parent families - Summary,Parent not in the labour force,110.11,43.474
2020,Victoria,Couple families - Summary,Couple families,1555.086,567.265
2020,Victoria,Couple families - Summary,Both partners employed,878.842,386.606
2020,Victoria,Couple families - Summary,At least one partner employed,1228.276,529.847
2020,Victoria,Couple families - Summary,Neither partner employed,306.179,29.017
2020,Victoria,One parent families - Summary,One parent families,264.654,119.776
2020,Victoria,One parent families - Summary,Employed parent,154.875,81.694
2020,Victoria,One parent families - Summary,Unemployed parent,8.549,4.668
2020,Victoria,One parent families - Summary,Parent not in the labour force,99.44,32.918
2021,Victoria,Couple families - Summary,Couple families,1543.277,564.705
2021,Victoria,Couple families - Summary,Both partners employed,878.546,387.109
2021,Victoria,Couple families - Summary,At least one partner employed,1216.307,534.128
2021,Victoria,Couple families - Summary,Neither partner employed,307.566,25.261
2021,Victoria,One parent families - Summary,One parent families,273.147,128.612
2021,Victoria,One parent families - Summary,Employed parent,158.508,79.808
2021,Victoria,One parent families - Summary,Unemployed parent,13.789,8.61
2021,Victoria,One parent families - Summary,Parent not in the labour force,99.198,40.194
2021,Victoria,Couple families - Summary,Couple families,1552.158,567.773
2021,Victoria,Couple families - Summary,Both partners employed,879.149,384.912
2021,Victoria,Couple families - Summary,At least one partner employed,1215.606,531.378
2021,Victoria,Couple families - Summary,Neither partner employed,306.047,28.127
2021,Victoria,One parent families - Summary,One parent families,261.16,119.525
2021,Victoria,One parent families - Summary,Employed parent,153.314,79.142
2021,Victoria,One parent families - Summary,Unemployed parent,7.979,5.186
2021,Victoria,One parent families - Summary,Parent not in the labour force,98.896,35.197
2021,Victoria,Couple families - Summary,Couple families,1552.755,567.696
2021,Victoria,Couple families - Summary,Both partners employed,863.494,393.629
2021,Victoria,Couple families - Summary,At least one partner employed,1194.814,534.084
2021,Victoria,Couple families - Summary,Neither partner employed,334.072,26.402
2021,Victoria,One parent families - Summary,One parent families,264.71,119.089
2021,Victoria,One parent families - Summary,Employed parent,157.193,78.945
2021,Victoria,One parent families - Summary,Unemployed parent,6.176,2.739
2021,Victoria,One parent families - Summary,Parent not in the labour force,99.119,36.504
2021,Victoria,Couple families - Summary,Couple families,1567.325,570.764
2021,Victoria,Couple families - Summary,Both partners employed,902.009,398.949
2021,Victoria,Couple families - Summary,At least one partner employed,1230.741,540.712
2021,Victoria,Couple families - Summary,Neither partner employed,310.367,22.459
2021,Victoria,One parent families - Summary,One parent families,254.742,117.039
2021,Victoria,One parent families - Summary,Employed parent,151.745,76.399
2021,Victoria,One parent families - Summary,Unemployed parent,9.615,6.02
2021,Victoria,One parent families - Summary,Parent not in the labour force,90.933,34.62
2022,Victoria,Couple families - Summary,Couple families,1564.737,569.761
2022,Victoria,Couple families - Summary,Both partners employed,880.955,391.524
2022,Victoria,Couple families - Summary,At least one partner employed,1222.094,537.9
2022,Victoria,Couple families - Summary,Neither partner employed,320.24,26.307
2022,Victoria,One parent families - Summary,One parent families,256.146,121.257
2022,Victoria,One parent families - Summary,Employed parent,157.013,83.19
2022,Victoria,One parent families - Summary,Unemployed parent,6.018,5.601
2022,Victoria,One parent families - Summary,Parent not in the labour force,90.254,31.205
2022,Victoria,Couple families - Summary,Couple families,1575.034,571.811
2022,Victoria,Couple families - Summary,Both partners employed,898.593,392.446
2022,Victoria,Couple families - Summary,At least one partner employed,1228.872,543.82
2022,Victoria,Couple families - Summary,Neither partner employed,319.579,21.909
2022,Victoria,One parent families - Summary,One parent families,258.775,121.318
2022,Victoria,One parent families - Summary,Employed parent,155.89,88.189
2022,Victoria,One parent families - Summary,Unemployed parent,6.219,4.161
2022,Victoria,One parent families - Summary,Parent not in the labour force,92.881,27.953
2023,Victoria,Couple families - Summary,Couple families,1622.657,583.744
2023,Victoria,Couple families - Summary,Both partners employed,951.6,424.795
2023,Victoria,Couple families - Summary,At least one partner employed,1270.912,547.7
2023,Victoria,Couple families - Summary,Neither partner employed,316.294,28.564
2023,Victoria,One parent families - Summary,One parent families,244.348,115.91
2023,Victoria,One parent families - Summary,Employed parent,141.314,80.535
2023,Victoria,One parent families - Summary,Unemployed parent,4.27,2.618
2023,Victoria,One parent families - Summary,Parent not in the labour force,93.445,32.121
2024,Victoria,Couple families - Summary,Couple families,1614.852,592.93
2024,Victoria,Couple families - Summary,Both partners employed,961.146,433.125
2024,Victoria,Couple families - Summary,At least one partner employed,1289.732,567.374
2024,Victoria,Couple families - Summary,Neither partner employed,292.696,16.235
2024,Victoria,One parent families - Summary,One parent families,283.929,119.388
2024,Victoria,One parent families - Summary,Employed parent,168.767,80.266
2024,Victoria,One parent families - Summary,Unemployed parent,9.407,7.069
2024,Victoria,One parent families - Summary,Parent not in the labour force,104.1,32.053
