postcode,long,lat,recipients,suburb
3000,144.98259,-37.814438,65,MELBOURNE
3001,144.98259,-37.814438,15,MELBOURNE
3002,144.98259,-37.814438,10,EAST MELBOURNE
3003,144.94958,-37.81087,20,WEST MELBOURNE
3004,144.98259,-37.814438,25,"MELBOURNE, ST KILDA ROAD CENTRAL, ST KILDA ROAD MELBOURNE"
3006,144.95207,-37.825287,45,"SOUTH WHARF, SOUTHBANK"
3008,144.94804,-37.81472,35,DOCKLANDS
3011,144.90796,-37.807102,120,"FOOTSCRAY, SEDDON, SEDDON WEST"
3012,144.86116,-37.807137,190,"KINGSVILLE, MAIDSTONE, TOTTENHAM, WEST FOOTSCRAY"
3013,144.88869,-37.814182,55,"YARRAVILLE, YARRAVILLE WEST"
3015,144.88055,-37.83824,95,"NEWPORT, SOUTH KINGSVILLE, SPOTSWOOD"
3016,144.88846,-37.863743,65,
3018,144.81273,-37.86172,90,"ALTONA, SEAHOLME"
3019,144.85402,-37.784683,135,ROBINSON
3020,144.82994,-37.777203,555,"ALBION, GLENGALA"
3021,144.79669,-37.743362,900,"ALBANVALE, KEALBA, KINGS PARK, ST ALBANS"
3022,144.79396,-37.795937,35,"ARDEER, DEER PARK EAST"
3023,144.77065,-37.78272,725,"CAIRNLEA, CAROLINE SPRINGS, DEER PARK, DEER PARK NORTH, RAVENHALL"
3024,144.64993,-37.750458,960,"FIELDSTONE, MAMBOURIN, MANOR LAKES"
3025,144.8397,-37.835564,140,"ALTONA EAST, ALTONA GATE, ALTONA NORTH"
3026,144.64209,-37.91624,75,"DERRIMUT, LAVERTON NORTH"
3027,144.75415,-37.93242,50,
3028,144.77716,-37.875065,295,"ALTONA MEADOWS, LAVERTON, SEABROOK"
3029,144.70583,-37.837166,1680,"HOPPERS CROSSING, TARNEIT, TRUGANINA"
3030,144.64209,-37.91624,1510,"POINT COOK, QUANDONG, WERRIBEE, WERRIBEE SOUTH"
3031,144.9234,-37.79119,200,"FLEMINGTON, KENSINGTON"
3032,144.89722,-37.774487,275,"ASCOT VALE, HIGHPOINT CITY, MARIBYRNONG, TRAVANCORE"
3033,144.85764,-37.74107,70,KEILOR EAST
3034,144.86194,-37.761234,80,AVONDALE HEIGHTS
3036,144.82246,-37.705322,35,"KEILOR, KEILOR NORTH"
3037,144.78047,-37.71558,490,"CALDER PARK, DELAHEY, HILLSIDE, TAYLORS HILL"
3038,144.76688,-37.700455,205,"KEILOR DOWNS, KEILOR LODGE, TAYLORS LAKES, WATERGARDENS"
3039,144.92299,-37.766186,60,
3040,144.90256,-37.751846,95,"ABERFELDIE, ESSENDON, ESSENDON WEST"
3041,144.90482,-37.731464,50,"ESSENDON FIELDS, ESSENDON NORTH"
3042,144.8663,-37.727528,115,"AIRPORT WEST, KEILOR PARK, NIDDRIE, NIDDRIE NORTH"
3043,144.88837,-37.691917,180,"GLADSTONE PARK, GOWANBRAE, TULLAMARINE"
3044,144.93636,-37.731136,145,"PASCOE VALE, PASCOE VALE SOUTH"
3045,144.8362,-37.67474,5,MELBOURNE AIRPORT
3046,144.92796,-37.706577,355,"GLENROY, HADFIELD, OAK PARK"
3047,144.93025,-37.681107,415,"DALLAS, JACANA"
3048,144.92361,-37.653915,345,MEADOW HEIGHTS
3049,144.88849,-37.673183,125,"ATTWOOD, WESTMEADOWS"
3051,144.94356,-37.8006,140,"HOTHAM HILL, NORTH MELBOURNE"
3052,144.9489,-37.788998,35,"MELBOURNE UNIVERSITY, PARKVILLE"
3053,144.96611,-37.80357,100,"CARLTON, CARLTON SOUTH"
3054,144.96724,-37.786972,25,"CARLTON NORTH, PRINCES HILL"
3055,144.94221,-37.763584,80,
3056,144.96011,-37.766293,80,
3057,144.97728,-37.77001,35,
3058,144.96452,-37.739902,175,"BATMAN, COBURG, COBURG NORTH, MERLYNSTON"
3059,144.87962,-37.63989,245,GREENVALE
3060,144.96788,-37.707325,140,FAWKNER
3061,144.95676,-37.666264,45,CAMPBELLFIELD
3063,144.85608,-37.595016,5,"OAKLANDS JUNCTION, YUROKE"
3064,144.9422,-37.54652,1810,"DONNYBROOK, KALKALLO, MICKLEHAM, ROXBURGH PARK"
3065,144.9778,-37.80261,140,FITZROY
3066,144.98691,-37.804848,155,
3067,144.9982,-37.803516,25,ABBOTSFORD
3068,144.98622,-37.790974,65,"CLIFTON HILL, FITZROY NORTH"
3070,144.99974,-37.774063,65,"NORTHCOTE, NORTHCOTE SOUTH"
3071,145.007,-37.759426,85,THORNBURY
3072,145.0057,-37.74247,240,"GILBERTON, NORTHLAND CENTRE, PRESTON, PRESTON LOWER, PRESTON SOUTH, PRESTON WEST, REGENT WEST"
3073,145.00595,-37.712475,460,RESERVOIR
3074,145.00664,-37.684685,225,THOMASTOWN
3075,145.00269,-37.66607,265,LALOR
3076,145.02214,-37.643597,460,EPPING
3078,145.02585,-37.778297,50,"ALPHINGTON, FAIRFIELD"
3079,145.04857,-37.772675,50,"IVANHOE, IVANHOE EAST, IVANHOE NORTH"
3081,145.0464,-37.743008,245,"BELLFIELD, HEIDELBERG HEIGHTS, HEIDELBERG RGH, HEIDELBERG WEST"
3082,145.06566,-37.66486,275,MILL PARK
3083,145.05623,-37.701347,210,"KINGSBURY, LA TROBE UNIVERSITY"
3084,145.08269,-37.744408,110,"BANYULE, EAGLEMONT, HEIDELBERG, ROSANNA, VIEWBANK"
3085,145.06989,-37.7244,65,"MACLEOD, MACLEOD WEST, YALLAMBIE"
3087,145.08243,-37.71179,45,"WATSONIA, WATSONIA NORTH"
3088,145.10834,-37.700176,165,"GREENSBOROUGH, ST HELENA"
3089,145.15038,-37.667713,60,DIAMOND CREEK
3090,145.1078,-37.668407,5,PLENTY
3091,145.13669,-37.637478,5,YARRAMBAT
3093,145.1152,-37.73919,35,LOWER PLENTY
3094,145.12473,-37.71976,50,
3095,145.15858,-37.7133,115,"ELTHAM, ELTHAM NORTH, RESEARCH"
3096,145.18582,-37.670853,15,WATTLE GLEN
3097,145.2242,-37.695255,5,"BEND OF ISLANDS, KANGAROO GROUND, WATSONS CREEK"
3099,145.19286,-37.592102,25,"ARTHURS CREEK, HURSTBRIDGE, NUTFIELD"
3101,145.03658,-37.807396,40,KEW
3102,145.05219,-37.793804,10,KEW EAST
3103,145.07411,-37.811737,30,"BALWYN, BALWYN EAST, DEEPDENE, STRADBROKE PARK"
3104,145.08171,-37.793694,35,"BALWYN NORTH, GREYTHORN"
3105,145.08481,-37.772476,40,
3106,145.14267,-37.758335,55,TEMPLESTOWE
3107,145.11067,-37.765224,50,TEMPLESTOWE LOWER
3108,145.1258,-37.78643,120,DONCASTER
3109,145.16165,-37.784786,110,"DONCASTER EAST, DONCASTER HEIGHTS"
3111,145.18634,-37.794052,50,DONVALE
3113,145.20468,-37.752125,30,"NORTH WARRANDYTE, WARRANDYTE"
3114,145.2126,-37.778595,5,PARK ORCHARDS
3115,145.2676,-37.736732,10,
3116,145.31308,-37.73763,80,CHIRNSIDE PARK
3121,145.00179,-37.823303,140,"RICHMOND, RICHMOND EAST, RICHMOND NORTH, RICHMOND SOUTH"
3122,145.03061,-37.822723,60,"AUBURN SOUTH, GLENFERRIE SOUTH, HAWTHORN, HAWTHORN NORTH, HAWTHORN WEST"
3123,145.04941,-37.829754,40,"AUBURN, HAWTHORN EAST"
3124,145.06819,-37.840866,35,"CAMBERWELL, CAMBERWELL NORTH, CAMBERWELL SOUTH, CAMBERWELL WEST, HARTWELL, MIDDLE CAMBERWELL"
3125,145.101,-37.851303,65,BENNETTSWOOD
3126,145.07574,-37.8272,10,"CAMBERWELL EAST, CANTERBURY"
3127,145.09723,-37.825172,40,"MONT ALBERT, SURREY HILLS NORTH"
3128,145.12239,-37.828865,120,"HOUSTON, WATTLE PARK"
3129,145.12509,-37.806965,60,"KERRIMUIR, MONT ALBERT NORTH"
3130,145.14966,-37.81805,115,LABURNUM
3131,145.17448,-37.8178,80,"FOREST HILL, NUNAWADING"
3132,145.19669,-37.81922,70,RANGEVIEW
3133,145.1923,-37.848785,85,"VERMONT, VERMONT SOUTH"
3134,145.25793,-37.82306,225,"HEATHWOOD, RINGWOOD, RINGWOOD NORTH, WARRANDYTE SOUTH, WARRANWOOD"
3135,145.24821,-37.819595,115,"BEDFORD ROAD, HEATHMONT, RINGWOOD EAST"
3136,145.2824,-37.779877,465,
3137,145.31334,-37.819363,155,"KILSYTH, KILSYTH SOUTH"
3138,145.3228,-37.78391,220,
3139,145.53267,-37.814507,155,"BEENAK, DON VALLEY, HODDLES CREEK, LAUNCHING PLACE, SEVILLE, SEVILLE EAST, WANDIN EAST, WANDIN NORTH, YELLINGBO"
3140,145.36319,-37.759155,165,LILYDALE
3141,144.99126,-37.84068,80,SOUTH YARRA
3142,145.01773,-37.84411,25,"HAWKSBURN, TOORAK"
3143,145.0194,-37.858917,25,"ARMADALE, ARMADALE NORTH"
3144,145.03413,-37.857445,20,"KOOYONG, MALVERN, MALVERN NORTH"
3145,145.04933,-37.873558,65,"CAULFIELD EAST, CENTRAL PARK, DARLING, DARLING SOUTH, MALVERN EAST, WATTLETREE ROAD PO"
3146,145.05783,-37.857117,40,"GLEN IRIS, TOORONGA"
3147,145.09294,-37.867863,85,"ASHBURTON, ASHWOOD"
3148,145.09015,-37.88256,70,"CHADSTONE, CHADSTONE CENTRE, HOLMESGLEN, JORDANVILLE"
3149,145.12811,-37.88075,75,"MOUNT WAVERLEY, PINEWOOD"
3150,145.16884,-37.914383,170,"GLEN WAVERLEY, WHEELERS HILL"
3151,145.15112,-37.85523,30,
3152,145.2217,-37.864952,195,"KNOX CITY CENTRE, WANTIRNA, WANTIRNA SOUTH"
3153,145.27014,-37.845116,220,"BAYSWATER, BAYSWATER NORTH"
3154,145.31784,-37.85601,40,THE BASIN
3155,145.28442,-37.861797,245,
3156,145.2929,-37.91793,305,"FERNTREE GULLY, LYSTERFIELD, LYSTERFIELD SOUTH, UPPER FERNTREE GULLY"
3158,145.32446,-37.910076,40,UPWEY
3159,145.3892,-37.921894,15,"MENZIES CREEK, SELBY"
3160,145.35081,-37.935097,50,"BELGRAVE, BELGRAVE HEIGHTS, BELGRAVE SOUTH, TECOMA"
3161,145.01993,-37.873734,50,"CAULFIELD JUNCTION, CAULFIELD NORTH"
3162,145.02339,-37.89214,60,"CAULFIELD, CAULFIELD SOUTH, HOPETOUN GARDENS"
3163,145.05724,-37.896496,105,"CARNEGIE, GLEN HUNTLY"
3164,145.23738,-38.02243,5,DANDENONG SOUTH
3165,145.05943,-37.922367,120,BENTLEIGH EAST
3166,145.08972,-37.902805,105,"HUGHESDALE, HUNTINGDALE, OAKLEIGH, OAKLEIGH EAST"
3167,145.08762,-37.923344,55,OAKLEIGH SOUTH
3168,145.12665,-37.91342,65,"CLAYTON, NOTTING HILL"
3169,145.11526,-37.94515,125,"CLARINDA, CLAYTON SOUTH"
3170,145.16786,-37.920944,105,WAVERLEY GARDENS
3171,145.15678,-37.944607,190,"SANDOWN VILLAGE, SPRINGVALE"
3172,145.13464,-37.975983,200,"DINGLEY VILLAGE, SPRINGVALE SOUTH"
3173,145.16486,-38.00677,215,KEYSBOROUGH
3174,145.17877,-37.966217,530,"NOBLE PARK, NOBLE PARK NORTH"
3175,145.20851,-38.016113,755,"BANGHOLME, DANDENONG, DANDENONG EAST, DANDENONG NORTH, DANDENONG SOUTH, DUNEARN"
3177,145.23746,-37.990986,235,"DOVETON, EUMEMMERRING"
3178,145.2416,-37.92443,175,ROWVILLE
3179,145.22264,-37.897137,45,SCORESBY
3180,145.24673,-37.893265,65,KNOXFIELD
3181,144.9955,-37.854683,65,"PRAHRAN, PRAHRAN EAST"
3182,144.97948,-37.865322,125,"ST KILDA, ST KILDA SOUTH, ST KILDA WEST"
3183,144.99902,-37.869072,85,"BALACLAVA, ST KILDA EAST"
3184,144.98404,-37.881413,65,ELWOOD
3185,145.00256,-37.89184,40,"ELSTERNWICK, GARDENVALE, RIPPONLEA"
3186,144.99632,-37.915066,65,"BRIGHTON NORTH, DENDY, WERE STREET PO"
3187,145.0136,-37.92537,50,NORTH ROAD
3188,145.00723,-37.93889,70,"HAMPTON, HAMPTON EAST, HAMPTON NORTH"
3189,145.0478,-37.94202,30,
3190,145.03815,-37.951393,80,HIGHETT
3191,145.01347,-37.956585,30,SANDRINGHAM
3192,145.0623,-37.965656,150,"CHELTENHAM, CHELTENHAM EAST, SOUTHLAND CENTRE"
3193,145.03156,-37.9787,35,BEAUMARIS
3194,145.06735,-37.985058,55,"MENTONE, MENTONE EAST"
3195,145.10411,-38.007023,165,"ASPENDALE, ASPENDALE GARDENS, PARKDALE, WATERWAYS"
3196,145.12276,-38.04648,220,"CHELSEA, CHELSEA HEIGHTS, EDITHVALE"
3197,145.13411,-38.072746,90,"CARRUM, PATTERSON LAKES"
3198,145.13782,-38.103195,265,SEAFORD
3199,145.13596,-38.16258,810,"FRANKSTON, FRANKSTON EAST, FRANKSTON HEIGHTS, FRANKSTON SOUTH, KARINGAL, KARINGAL CENTRE"
3200,145.15758,-38.126457,190,"FRANKSTON NORTH, PINES FOREST"
3201,145.1779,-38.092873,415,CARRUM DOWNS
3202,145.0927,-37.960556,20,HEATHERTON
3204,145.03679,-37.916958,125,"BENTLEIGH, MCKINNON, ORMOND, PATTERSON"
3205,144.95818,-37.83169,95,SOUTH MELBOURNE
3206,144.95087,-37.846535,20,"ALBERT PARK, MIDDLE PARK"
3207,144.91805,-37.83218,85,"GARDEN CITY, PORT MELBOURNE"
3211,144.49847,-37.943584,15,LITTLE RIVER
3212,144.42267,-38.03996,265,"AVALON, LARA, POINT WILSON"
3213,144.2894,-37.9406,50,"ANAKIE, BATESFORD, LOVELY BANKS"
3214,144.35239,-38.08478,760,"NORLANE, NORTH SHORE"
3215,144.33452,-38.111004,275,"BELL PARK, BELL POST HILL, DRUMCONDRA, GEELONG NORTH, HAMLYN HEIGHTS, NORTH GEELONG, RIPPLESIDE"
3216,144.334,-38.215904,505,"BELMONT, GROVEDALE, GROVEDALE EAST, HIGHTON, MARSHALL, WANDANA HEIGHTS, WAURN PONDS"
3217,144.37079,-38.23414,460,"ARMSTRONG CREEK, CHARLEMONT, FRESHWATER CREEK"
3218,144.28949,-38.13028,115,"FYANSFORD, GEELONG WEST, HERNE HILL, MANIFOLD HEIGHTS, STONEHAVEN"
3219,144.38953,-38.17277,335,"EAST GEELONG, NEWCOMB, ST ALBANS PARK, THOMSON, WHITTINGTON"
3220,144.34653,-38.15704,85,"BAREENA, GEELONG, NEWTOWN, SOUTH GEELONG"
3221,144.42741,-38.181606,5,"BARRABOOL, CERES, GEELONG MC, GNARWARRE"
3222,144.57298,-38.209923,240,"CLIFTON SPRINGS, DRYSDALE, MANNERIM, MARCUS HILL, WALLINGTON"
3223,144.62172,-38.13623,140,"BELLARINE, INDENTED HEAD, PORTARLINGTON, ST LEONARDS"
3224,144.4624,-38.202904,175,LEOPOLD
3225,144.6142,-38.271072,20,"POINT LONSDALE, QUEENSCLIFF, SWAN ISLAND"
3226,144.52376,-38.26381,120,OCEAN GROVE
3227,144.40814,-38.263054,30,BARWON HEADS
3228,144.29997,-38.307545,125,"BELLBRAE, BELLS BEACH, JAN JUC, TORQUAY"
3230,144.17639,-38.409363,20,ANGLESEA
3231,144.10689,-38.459435,5,"AIREYS INLET, BIG HILL, EASTERN VIEW, FAIRHAVEN"
3232,143.97017,-38.544975,5,LORNE
3233,143.67178,-38.679417,25,"APOLLO BAY, CAPE OTWAY, MARENGO, PETTICOAT CREEK, SKENES CREEK, SKENES CREEK NORTH"
3235,143.92429,-38.411964,5,"BENWERRIN, DEANS MARSH, PENNYROYAL"
3236,143.71239,-38.521904,5,"FORREST, MOUNT SABINE"
3237,143.4744,-38.71684,5,"AIRE VALLEY, BEECH FOREST, FERGUSON, GELLIBRAND LOWER, WATTLE HILL, WEEAPROINAH, YUULONG"
3239,143.4481,-38.564014,5,"CARLISLE RIVER, CHAPPLE VALE, GELLIBRAND, KENNEDYS CREEK"
3240,144.17441,-38.263004,10,"GHERANG, PARAPARAP"
3241,143.89282,-38.20363,45,"BAMBRA, OMBERSLEY, WENSLEYDALE"
3242,143.74033,-38.346703,10,BIRREGURRA
3243,143.82588,-38.364033,5,"BARWON DOWNS, WARNCOORT, WHOOREL"
3249,143.55716,-38.38829,25,"ALVIE, BALINTORE, BARONGAROOK, BARONGAROOK WEST, BARRAMUNGA, DREEITE, DREEITE SOUTH, GERANGAMETE, IRREWARRA, IRREWILLIPE, IRREWILLIPE EAST, KAWARREN, LARPENT, NALANGIL, ONDIT, PIRRON YALLOCK, POMBORNEIT EAST, TANYBRYN, WARRION, YEO, YEODENE"
3250,143.58475,-38.311512,200,ELLIMINYT
3251,143.64848,-38.155186,5,"BEEAC, EURACK, WEERING"
3254,143.52228,-38.289635,5,
3260,143.24477,-38.209583,65,"CAMPERDOWN, CARPENDEIT, CHOCOLYN, GNOTUK, KARIAH, KOALLAH, LESLIE MANOR, POMBORNEIT, POMBORNEIT NORTH, SKIBO, SOUTH PURRUMBETE, STONYFORD, TANDAROOK, TESBURY, WEERITE"
3264,142.8844,-38.232445,25,TERANG
3265,142.95238,-38.178238,20,"DIXIE, ECKLIN SOUTH, ELLERSLIE, FRAMLINGHAM, FRAMLINGHAM EAST, GARVOC, GLENORMISTON, GLENORMISTON NORTH, GLENORMISTON SOUTH, KOLORA, LAANG, NOORAT, NOORAT EAST, PANMURE, TAROON, THE SISTERS"
3266,143.13373,-38.407093,35,"COBDEN, COBRICO, ELINGAMITE, ELINGAMITE NORTH, GLENFYNE, JANCOURT, JANCOURT EAST, NAROGHID, SIMPSON"
3267,143.06073,-38.46665,5,SCOTTS CREEK
3268,142.9089,-38.5358,25,"AYRFORD, HEYTESBURY LOWER, NEWFIELD, NIRRANDA, NIRRANDA EAST, NIRRANDA SOUTH, NULLAWARRE, NULLAWARRE NORTH, PAARATTE, THE COVE, TIMBOON, TIMBOON WEST"
3269,143.17711,-38.660637,5,"PORT CAMPBELL, PRINCETOWN, WAARRE"
3270,142.87016,-38.602116,5,PETERBOROUGH
3271,142.98753,-37.88855,5,"DARLINGTON, DUNDONNELL, PURA PURA"
3272,142.85364,-37.982185,30,
3274,142.4786,-37.960777,5,CARAMUT
3275,142.45761,-38.301792,5,MAILORS FLAT
3276,142.48181,-38.053818,5,MINJAH
3277,142.66022,-38.389835,15,"ALLANSFORD, MEPUNGA, MEPUNGA EAST, MEPUNGA WEST, NARINGAL, NARINGAL EAST"
3278,142.62473,-38.27801,10,"PURNIM, PURNIM WEST"
3279,142.65749,-38.214554,5,"BALLANGEICH, WANGOOM"
3280,142.4829,-38.37884,550,"DENNINGTON, WARRNAMBOOL"
3281,142.63011,-38.254456,10,GRASSMERE
3282,142.35165,-38.268177,40,"ILLOWA, KOROIT"
3283,142.32877,-38.313435,10,"KILLARNEY, KIRKSTALL, SOUTHERN CROSS, TARRONE, TOWER HILL, WARRONG, YANGERY, YARPTURK"
3284,142.11926,-38.270397,30,"ORFORD, PORT FAIRY"
3285,142.05891,-38.2902,10,"NARRAWONG, ROSEBROOK, ST HELENS, TOOLONG, YAMBUK"
3286,141.83612,-37.9711,10,"KNEBSWORTH, MACARTHUR, WARRABKOOK"
3287,142.31953,-38.059868,5,"HAWKESDALE, MINHAMITE"
3289,142.22775,-37.893196,5,"GAZETTE, GERRIGERRUP, PENSHURST, PURDEET, TABOR"
3292,141.05199,-38.03887,5,NELSON
3293,142.52725,-37.655945,5,"GLENTHOMPSON, NAREEB, NARRAPUMELAP SOUTH"
3294,142.31276,-37.57398,5,"DUNKELD, KARABEAL, VICTORIA POINT, VICTORIA VALLEY"
3300,142.01335,-37.743156,195,HAMILTON
3301,142.03413,-38.118855,5,"HENSLEY PARK, MOUNT NAPIER, TAHARA, TARRINGTON, WANNON, WARRAYURE, YATCHAW, YULECART"
3302,141.70638,-37.84798,5,GRASSDALE
3303,141.78961,-37.98087,5,"HOTSPUR, LAKE CONDAH, WALLACEDALE"
3304,141.95215,-38.182083,40,"BESSIEBELLE, DARTMOOR, DRIK DRIK, DRUMBORG, GREENWALD, HEYWOOD, HOMERTON, LYONS, MILLTOWN"
3305,141.43723,-38.235474,240,"ALLESTREE, CAPE BRIDGEWATER, CASHMORE, DUTTON WAY, GORAE, GORAE WEST, HEATHMERE, MOUNT RICHMOND, PORTLAND, PORTLAND NORTH, PORTLAND WEST"
3309,141.511,-37.82644,5,DIGBY
3310,141.54916,-37.70789,5,"MERINO, TAHARA WEST"
3311,141.22972,-37.46816,25,CASTERTON
3312,141.36575,-37.6391,5,"BAHGALLAH, CARAPOOK, CHETWYND, DERGHOLM, DORODONG, DUNROBIN, HENTY, KILLARA, LAKE MUNDI, LINDSAY, NANGEELA, POOLAIJELO, POWERS CREEK, SANDFORD, STRATHDOWNIE, WANDO BRIDGE, WANDO VALE, WARROCK"
3314,141.93567,-37.58672,5,"CAVENDISH, GLENISLA, GRAMPIANS"
3315,141.68752,-37.40837,20,"CLOVER FLAT, GRINGEGALGONA, GRITJURK, HILGAY, KONONGWOOTONG, MELVILLE FOREST, NAREEN, PASCHENDALE, TAHARA BRIDGE, TARRAYOUKYAN, TARRENLEA"
3317,141.45164,-37.16667,5,HARROW
3318,141.26958,-37.025314,20,"CHARAM, EDENHOPE, KADNOOK, LANGKOOP, PATYAH, ULLSWATER"
3319,141.05139,-36.873962,5,"APSLEY, BENAYEO"
3321,143.88055,-38.087757,10,"HESSE, INVERLEIGH"
3322,143.7433,-38.02133,5,
3323,143.52094,-38.026314,5,"BERRYBANK, DUVERNEY, FOXHOW"
3324,143.37541,-37.94194,10,"LISMORE, MINGAY"
3325,143.18591,-37.877453,10,"DERRINALLUM, LARRALEA, VITE VITE, VITE VITE NORTH"
3328,144.04306,-38.018665,20,TEESDALE
3329,143.90872,-37.9837,5,"BARUNAH PARK, BARUNAH PLAINS, SHELFORD"
3330,143.75858,-37.918438,5,ROKEWOOD
3331,144.19463,-38.049194,75,"BANNOCKBURN, GHERINGHAP, MAUDE, RUSSELLS BRIDGE, SHE OAKS, STEIGLITZ"
3332,144.09718,-37.944447,10,LETHBRIDGE
3333,144.04475,-37.87179,10,"BAMGANIE, MEREDITH"
3334,144.08609,-37.75803,5,"CARGERIE, ELAINE"
3335,144.66989,-37.69609,320,"GRANGEFIELDS, PLUMPTON, ROCKBANK, THORNHILL PARK"
3336,144.6684,-37.719,385,"AINTREE, DEANSIDE, FRASER RISE"
3337,144.54625,-37.65724,1020,"HARKNESS, KURUNJANG, MELTON, MELTON WEST, TOOLERN VALE"
3338,144.57103,-37.70553,1160,"COBBLEBANK, EXFORD, EYNESBURY, MELTON SOUTH, WEIR VIEWS"
3340,144.39444,-37.787136,370,"BACCHUS MARSH, BALLIANG, BALLIANG EAST, DARLEY, GLENMORE, HOPETOUN PARK, LONG FOREST, MADDINGLEY, MERRIMU, PARWAN, ROWSLEY, STAUGHTON VALE"
3341,144.30823,-37.57371,10,"DALES CREEK, GREENDALE, KOROBEIT, PENTLAND HILLS"
3342,144.2391,-37.651463,65,"BALLAN, BEREMBOKE, DURDIDWARRAH, FISKVILLE, INGLISTON, MOUNT WALLACE"
3345,144.12366,-37.5878,10,GORDON
3350,143.8645,-37.57194,1050,"ALFREDTON, BAKERY HILL, BALLARAT, BALLARAT CENTRAL, BALLARAT EAST, BALLARAT NORTH, BALLARAT WEST, BLACK HILL, CANADIAN, EUREKA, GOLDEN POINT, INVERMAY PARK, LAKE WENDOUREE, LUCAS, NERRINA, NEWINGTON, REDAN, SOLDIERS HILL"
3351,143.63747,-37.758247,105,"BERRINGA, CAPE CLEAR, CARNGHAM, CHEPSTOWE, HADDON, HILLCREST, ILLABAROOK, LAKE BOLAC, MININERA, MOUNT EMU, NERRIN NERRIN, NEWTOWN, NINTINGBOOL, PIGGOREET, PITFIELD, ROKEWOOD JUNCTION, ROSS CREEK, SCARSDALE, SMYTHES CREEK, SMYTHESDALE, SNAKE VALLEY, SPRINGDALLAH, STAFFORDSHIRE REEF, WALLINDUC, WESTMERE"
3352,143.66238,-37.482132,205,"ADDINGTON, CAMBRIAN HILL, CARDIGAN, CARDIGAN VILLAGE, CHAPEL FLAT, CLARENDON, CLARETOWN, CLARKES HILL, DEREEL, DUNNSTOWN, DURHAM LEAD, ENFIELD, ERCILDOUNE, GARIBALDI, GLEN PARK, GLENBRAE, GONG GONG, GRENVILLE, INVERMAY, LAL LAL, LAMPLOUGH, LANGI KAL KAL, LEARMONTH, LEIGH CREEK, LEXTON, MAGPIE, MILLBROOK, MINERS REST, MOUNT ROWAN, NAPOLEONS, NAVIGATORS, POOTILLA, SCOTCHMANS LEAD, SCOTSBURN, SPRINGBANK, WALLACE, WARRENHEIP, WATTLE FLAT, WAUBRA, WEATHERBOARD, WERNETH, YENDON"
3353,144.83574,-37.7778,5,BALLARAT
3355,143.8256,-37.530285,350,"LAKE GARDENS, WENDOUREE, WENDOUREE VILLAGE"
3356,143.82846,-37.59228,465,"DELACOMBE, SEBASTOPOL"
3357,143.88342,-37.653946,25,
3358,143.7928,-37.580128,240,
3360,143.59552,-37.72759,5,"HAPPY VALLEY, LINTON, MANNIBADAR, PITTONG"
3361,143.3731,-37.752644,5,"CARRANBALLAC, SKIPTON"
3363,143.88637,-37.42059,50,"DEAN, GLENDARUEL, LANGDONS HILL, TOURELLO"
3364,143.90718,-37.334656,15,"ALLENDALE, ASCOT, BALD HILLS, BARKSTEAD, CABBAGE TREE, CAMPBELLTOWN, GLENDONALD, JOYCES CREEK, KINGSTON, KOOROOCHEANG, LAWRENCE, MOUNT PROSPECT, NEWLYN, NEWLYN NORTH, ROCKLYN, SMEATON, SMOKEYTOWN, SPRINGMOUNT, WERONA"
3370,143.81561,-37.25272,25,"CLUNES, GLENGOWER, ULLINA"
3371,143.63562,-37.196938,10,"AMHERST, CARALULUP, DUNACH, EVANSFORD, LILLICUR, RED LION, STONY CREEK, TALBOT"
3373,143.34343,-37.457787,35,"BEAUFORT, CHUTE, LAKE GOLDSMITH, LAKE WONGAN, MAIN LEAD, MENA PARK, NERRING, RAGLAN, STOCKYARD HILL, STONELEIGH, TRAWALLA, WATERLOO"
3374,142.95691,-37.231525,5,GREAT WESTERN
3375,143.14362,-37.42429,5,"BALLYROGAN, BAYINDEEN, MIDDLE CREEK"
3377,142.95691,-37.231525,170,"ARARAT, ARMSTRONG, CATHCART, DENICULL CREEK, DOBIE, DUNNEWORTHY, EVERSLEY, LANGI LOGAN, MAROONA, NORVAL, RHYMNEY, ROCKY POINT, ROSSBRIDGE, SHAYS FLAT, WARRAK"
3378,142.9854,-37.528793,5,"TATYOON, YALLA-Y-POORA"
3379,142.6833,-37.7667,5,"CHATSWORTH, MAFEKING, STAVELY, WICKLIFFE"
3380,142.77116,-37.0666,100,"STAWELL, STAWELL WEST"
3381,142.7154,-36.988914,10,"BELLELLEN, BELLFIELD, FYANS CREEK, HALLS GAP, ILLAWARRA, LAKE FYANS, LAKE LONSDALE, POMONAL"
3384,143.21732,-36.93829,10,"BARKLY, FRENCHMANS, JOEL JOEL, JOEL SOUTH, LANDSBOROUGH, LANDSBOROUGH WEST, NAVARRE, TULKARA, WATTLE CREEK"
3385,142.64757,-36.904186,5,"DADSWELLS BRIDGE, DEEP LEAD, GLENORCHY, LEDCOURT, LUBECK, RIACHELLA, ROSES GAP, WAL WAL"
3387,142.98143,-36.71744,5,"CALLAWADDA, CAMPBELLS BRIDGE, GERMANIA, GREENS CREEK, KANYA, MARNOO, MARNOO WEST, WALLALOO, WALLALOO EAST"
3388,142.69394,-36.597862,5,"BANYENA, RUPANYUP"
3390,142.48747,-36.583744,10,KEWELL
3391,142.44601,-36.092133,5,
3392,142.67923,-36.34199,10,SHEEP HILLS
3393,142.38734,-36.257725,45,"AUBREY, BANGERANG, CANNUM, KELLALAC, LAH, WARRACKNABEAL, WILKUR"
3395,142.44199,-35.918884,5,"BEULAH, KENMARE, REEDY DAM, ROSEBERY"
3396,142.32916,-35.7157,10,HOPETOUN
3400,142.20374,-36.725246,320,HORSHAM
3401,141.94083,-36.881535,25,"CHERRYPOOL, DOOEN, DRUNG, HAVEN, JUNG, KALKEE, KANAGULK, KARNAK, LAHARUM, LONGERENONG, LOWER NORTON, MCKENZIE CREEK, MURRA WARRA, NURCOUNG, NURRABIEL, PIMPINIO, QUANTONG, RIVERSIDE, ROCKLANDS, ST HELENS PLAINS, TELANGATUK EAST, TOOLONDO, VECTIS, WAIL, WALLUP, WARTOOK, ZUMSTEINS"
3407,141.94836,-37.29806,5,"BALMORAL, ENGLEFIELD, GATUM, PIGEON PONDS, VASEY"
3409,141.86324,-36.724842,10,"ARAPILES, CLEAR LAKE, DOUGLAS, DUCHEMBEGARRA, GRASS FLAT, JILPANGER, MIGA LAKE, NATIMUK, NORADJUHA, TOOAN"
3412,141.36607,-36.658806,5,GOROKE
3413,141.20107,-36.69933,5,"MINIMAY, NEUARPURR, OZENKADNOOK, PERONNE"
3414,142.09389,-36.388626,30,"ANTWERP, DIMBOOLA, TARRANYURK"
3418,141.53807,-36.074142,25,"GERANG GERUNG, GLENLEE, KIATA, LAWLOIT, LITTLE DESERT, LORQUON, NETHERBY, NHILL, YANAC"
3419,141.10193,-36.226013,10,KANIVA
3420,141.01733,-36.41273,5,"LILLIMUR, SERVICETON, TELOPEA DOWNS"
3423,141.94077,-36.13191,10,JEPARIT
3424,141.93088,-35.72779,10,"ALBACUTYA, RAINBOW, YAAPEET"
3427,144.70798,-37.64346,110,DIGGERS REST
3428,144.8115,-37.59107,5,
3429,144.72897,-37.56762,495,WILDWOOD
3430,144.80663,-37.494057,5,CLARKEFIELD
3431,144.69202,-37.474552,30,RIDDELLS CREEK
3433,144.75209,-37.413303,5,
3434,144.7508,-37.35388,70,"CHEROKEE, KERRIE, ROMSEY, SPRINGFIELD"
3435,144.74336,-37.179455,35,"BENLOCH, GOLDIE, LANCEFIELD, NULLA VALE"
3437,144.51302,-37.501617,105,"GISBORNE, GISBORNE SOUTH"
3438,144.60204,-37.457527,20,NEW GISBORNE
3440,144.54616,-37.413376,10,MACEDON
3441,144.6039,-37.399223,5,MOUNT MACEDON
3442,144.54884,-37.33066,45,"ASHBOURNE, CADELLO, CARLSRUHE, COBAW, HESKET, NEWHAM, ROCHFORD"
3444,144.54472,-37.171787,60,"BARFOLD, BAYNTON, BAYNTON EAST, EDGECOMBE, GLENHOPE, GREENHILL, KYNETON, KYNETON SOUTH, LANGLEY, LAURISTON, LYAL, METCALFE EAST, MIA MIA, PASTORIA, PASTORIA EAST, PIPERS CREEK, REDESDALE, SIDONIA, SPRING HILL"
3446,144.37434,-37.18483,10,"DRUMMOND NORTH, MALMSBURY"
3447,144.3225,-37.157745,5,TARADALE
3448,144.38763,-37.075363,5,"ELPHINSTONE, METCALFE, SUTTON GRANGE"
3450,144.2149,-37.061634,80,CASTLEMAINE
3451,144.21419,-37.12534,85,"BARKERS CREEK, CAMPBELLS CREEK, CHEWTON, CHEWTON BUSHLANDS, FARADAY, FRYERSTOWN, GLENLUCE, GOLDEN POINT, GUILDFORD, IRISHTOWN, MCKENZIE HILL, TARILTA, VAUGHAN, YAPEEN"
3453,144.2815,-36.950363,20,"HARCOURT, HARCOURT NORTH, RAVENSWOOD, RAVENSWOOD SOUTH"
3458,144.33472,-37.424114,10,"BARRYS REEF, FERN HILL, LERDERDERG, LITTLE HAMPTON, NEWBURY, NORTH BLACKWOOD, TRENTHAM, TRENTHAM EAST"
3460,144.14421,-37.351704,25,"BASALT, DAYLESFORD"
3461,144.17099,-37.28785,35,"CLYDESDALE, DENVER, DRUMMOND, DRY DIGGINGS, EGANSTOWN, ELEVATED PLAINS, FRANKLINFORD, GLENLYON, HEPBURN, HEPBURN SPRINGS, KORWEINGUBOORA, LEONARDS HILL, LYONVILLE, MOUNT FRANKLIN, PORCUPINE RIDGE, SAILORS FALLS, SAILORS HILL, SHEPHERDS FLAT, SPARGO CREEK, STRANGWAYS, WHEATSHEAF, YANDOIT, YANDOIT HILLS"
3462,144.0536,-37.08356,20,"GREEN GULLY, NEWSTEAD, SANDON, WELSHMANS REEF"
3463,144.0565,-36.95798,20,"BARINGHUP, BARINGHUP WEST, EASTVILLE, GOWER, LAANECOORIE, MALDON, NEEREMAN, NUGGETTY, TARRENGOWER, WALMER"
3464,143.84142,-37.01981,20,CARISBROOK
3465,143.61133,-37.021477,235,"ADELAIDE LEAD, ALMA, DAISY HILL, FLAGSTAFF, GOLDEN POINT, HAVELOCK, HOMEBUSH, MAJORCA, MARYBOROUGH, NATTE YALLOCK, RATHSCAR, RATHSCAR WEST, SIMSON, TIMOR, TIMOR WEST, WAREEK"
3467,143.41267,-37.10599,25,AVOCA
3468,143.37949,-37.261482,5,AMPHITHEATRE
3469,143.28062,-37.172962,5,"ELMHURST, GLENLOFTY, GLENLOGIE, GLENPATRICK, NOWHERE CREEK"
3472,143.65764,-36.864952,25,"BET BET, BETLEY, DUNLUCE, DUNOLLY, EDDINGTON, GOLDSBOROUGH, INKERMAN, MCINTYRE"
3475,143.51213,-36.70633,5,"ARCHDALE, ARCHDALE JUNCTION, BEALIBA, EMU, LOGAN"
3477,143.2307,-36.688553,10,"AVON PLAINS, BEAZLEYS BRIDGE, CARAPOOEE, CARAPOOEE WEST, DALYENONG, GOOROC, GOWAR EAST, GRAYS BRIDGE, GRE GRE, GRE GRE NORTH, GRE GRE SOUTH, KOOREH, MARNOO EAST, PARADISE, REDBANK, ROSTRON, SLATY CREEK, ST ARNAUD EAST, ST ARNAUD NORTH, TOTTINGTON, TRAYNORS LAGOON, YORK PLAINS"
3478,143.2307,-36.688553,40,"DOOBOOBETIC, MEDLYN, PERCYDALE, ST ARNAUD, TANWOOD, WARRENMANG, YAWONG HILLS"
3480,142.96806,-36.31227,30,"AREEGRA, CARRON, DONALD, GIL GIL, JEFFCOTT, JEFFCOTT NORTH, LAEN, LAEN EAST, LAEN NORTH, LAWLER, LITCHFIELD, RICH AVON, RICH AVON EAST, RICH AVON WEST, SWANWATER WEST"
3482,142.76659,-36.17028,5,"MASSEY, WARMUR, WATCHEM, WATCHEM WEST"
3483,142.89081,-35.901764,5,"BALLAPUR, BIRCHIP, BIRCHIP WEST, JIL JIL, KARYRIE, KINNABULLA, MARLBED, NARRAPORT, WHIRILY"
3485,142.67197,-35.711533,5,"BANYAN, WATCHUPGA"
3487,142.61607,-35.51563,5,LASCELLES
3488,142.42712,-35.435635,5,SPEED
3489,142.42531,-35.332478,5,TEMPY
3490,141.48497,-35.621033,20,"BIG DESERT, KULWIN, OUYEN, TORRITA"
3491,142.21828,-35.434097,5,PATCHEWOLLOCK
3494,142.34831,-34.486404,10,"CARWARP, IRAAK, NANGILOC"
3496,142.14418,-34.287804,125,"CARDROSS, LINDSAY POINT, MERINGUR, MERRINEE, NEDS CORNER, RED CLIFFS, WERRIMULL"
3498,142.17252,-34.238384,80,IRYMPLE
3500,142.15416,-34.1931,825,"MILDURA, MILDURA WEST"
3501,142.10089,-34.24328,15,"HATTAH, KOORLONG, MILDURA CENTRE PLAZA, MILDURA SOUTH, NICHOLS POINT"
3502,145.25835,-37.972885,5,MILDURA
3505,142.0042,-34.18053,105,"BIRDWOODTON, CABARITA, MERBEIN, MERBEIN SOUTH, MERBEIN WEST, WARGAN, YELTA"
3509,141.68039,-35.15503,5,"LINGA, UNDERBOOL"
3512,141.12123,-35.39199,5,"CARINA, PANITYA"
3515,144.06291,-36.729443,30,"MARONG, SHELBOURNE"
3516,144.04172,-36.607616,5,"DERBY, LEICHARDT, YARRABERB"
3517,143.88683,-36.483116,25,"BEARS LAGOON, GLENALBYN, INGLEWOOD, JARKLIN, KINGOWER, KURTING, POWLETT PLAINS, RHEOLA, SALISBURY WEST, SERPENTINE"
3518,143.58621,-36.474937,15,"BERRIMAL, FENTONS CREEK, FERNIHURST, FIERY FLAT, KURRACA, KURRACA WEST, NINE MILE, RICHMOND PLAINS, SKINNERS FLAT, WEDDERBURN, WEDDERBURN JUNCTION, WEHLA"
3521,144.91269,-37.090073,10,PYALONG
3522,144.7472,-37.050037,5,"GLENHOPE EAST, TOOBORAC"
3523,144.76836,-36.83746,55,"ARGYLE, DERRINAL, HEATHCOTE, HEATHCOTE SOUTH, KNOWSLEY, LADYS PASS, REDCASTLE"
3525,143.36432,-36.2835,10,"BARRAKEE, CHARLTON, CHIRRIP, GRANITE FLAT, LAKE MARMAL, NAREEWILLOCK, TERRAPPEE, YEUNGROON, YEUNGROON EAST"
3527,143.24133,-36.07096,5,"DUMOSA, GLENLOTH, GLENLOTH EAST, JERUK, NINYEUNOOK, TEDDYWADDY, TEDDYWADDY WEST, THALIA, TOWANINNY, TOWANINNY SOUTH"
3531,142.94382,-35.61641,5,BERRIWILLOCK
3533,142.83931,-35.384556,10,"BIMBOURIE, LAKE TYRRELL, NANDALY, NINDA, NYARRIN, PIER MILAN, SEA LAKE, STRATEN"
3537,143.74446,-36.079334,10,"BARRAPORT, BARRAPORT WEST, CANARY ISLAND, CATUMNAL, GREDGWIN, LEAGHUR, MINMINDIE, YANDO"
3540,143.45007,-35.89277,5,"CANNIE, OAKVALE, QUAMBATOOK"
3544,143.17542,-35.517174,5,"CHINANGIN, GOWANFORD, SPRINGFIELD, ULTIMA, ULTIMA EAST, WAITCHIE"
3546,142.85045,-35.06016,5,"CHINKAPOOK, GERAHMIN, MANANGATANG"
3549,142.82097,-34.76605,65,"ANNUELLO, BANNERTON, HAPPY VALLEY, LIPAROO, ROBINVALE, ROBINVALE IRRIGATION DISTRICT SECTION B, ROBINVALE IRRIGATION DISTRICT SECTION C, ROBINVALE IRRIGATION DISTRICT SECTION D, ROBINVALE IRRIGATION DISTRICT SECTION E, TOL TOL, WANDOWN, WEMEN"
3550,144.28526,-36.76427,730,"BENDIGO, BENDIGO SOUTH, EAST BENDIGO, FLORA HILL, IRONBARK, KENNINGTON, LONG GULLY, NORTH BENDIGO, QUARRY HILL, SANDHURST EAST, SPRING GULLY, STRATHDALE, WEST BENDIGO, WHITE HILLS"
3551,144.45793,-36.78137,455,"ARNOLD, ARNOLD WEST, ASCOT, AXE CREEK, AXEDALE, BAGSHOT, BAGSHOT NORTH, BENDIGO FORWARD, EMU CREEK, EPPALOCK, EPSOM, HUNTLY, HUNTLY NORTH, JUNORTOUN, KIMBOLTON, LAKE EPPALOCK, LLANELLY, LOCKWOOD, LOCKWOOD SOUTH, LONGLEA, MAIDEN GULLY, MANDURANG, MANDURANG SOUTH, NEWBRIDGE, PAINSWICK, SEDGWICK, TARNAGULLA, TOOLLEEN, WAANYARRA, WELLSFORD"
3552,145.01192,-37.825287,5,BENDIGO
3555,144.24524,-36.777225,415,"BIG HILL, GOLDEN GULLY, GOLDEN SQUARE, KANGAROO FLAT, LANSELL PLAZA"
3556,144.17828,-36.65642,365,"CALIFORNIA GULLY, CAMPBELLS FOREST, EAGLEHAWK, EAGLEHAWK NORTH, JACKASS FLAT, SAILORS GULLY, SEBASTIAN, WHIPSTICK"
3557,144.57678,-36.63511,15,"BARNADOWN, FOSTERVILLE, GOORNONG"
3558,144.63837,-36.51553,15,"ELMORE, HUNTER, RUNNYMEDE"
3559,144.80531,-36.570076,5,"AVONMORE, GOBARUP"
3561,144.70955,-36.32111,60,"BALLENDELLA, BAMAWM, DIGGORA, FAIRY DELL, NANNEELLA, ROCHESTER, TIMMERING"
3562,144.46275,-36.062546,5,TORRUMBARRY
3563,144.5156,-36.256252,15,LOCKINGTON
3564,144.60141,-36.180965,310,"BAMAWM EXTENSION, ECHUCA, ECHUCA SOUTH, ECHUCA VILLAGE, ECHUCA WEST, KANYAPELLA, PATHO, ROSLYNMEAD, WHARPARILLA"
3565,144.51172,-36.182335,5,KOTTA
3566,144.38333,-35.945747,10,GUNBOWER
3567,144.26294,-35.931667,10,"HORFIELD, LEITCHVILLE"
3568,144.18408,-35.809464,30,"DALTONS BRIDGE, GANNAWARRA, KEELY, MACORNA NORTH, MCMILLANS, MEAD, MINCHA WEST, WEE WEE RUP"
3570,144.28053,-36.515305,10,"AUCHMORE, DRUMMARTIN, KAMAROOKA, NEILBOROUGH, RAYWOOD"
3571,144.20686,-36.36819,5,"DINGEE, KAMAROOKA NORTH, POMPAPIEL, TANDARRA"
3573,144.29796,-36.164864,5,"CALIVIL, PINE GROVE, TERRICK TERRICK EAST"
3575,144.15903,-36.055725,10,"GLADFIELD, JUNGABURRA, LODDON VALE, MINCHA, PYRAMID HILL, TERRICK TERRICK, YARRAWALLA"
3579,143.76944,-35.767975,95,"APPIN, APPIN SOUTH, BAEL BAEL, BEAUCHAMP, BENJEROOP, CAPELS CROSSING, DINGWALL, FAIRLEY, GONN CROSSING, KERANG, KERANG EAST, KOROOP, LAKE MERAN, MACORNA, MEERING WEST, MILNES BRIDGE, NORMANVILLE, PINE VIEW, REEDY LAKE, SANDHILL LAKE, TEAL POINT, TRAGOWEL, WANDELLA, WESTBY"
3580,144.09467,-35.639763,20,KOONDROOK
3581,143.78522,-35.628334,5,LAKE CHARM
3583,143.66458,-35.509636,5,TRESCO
3584,143.63762,-35.431026,15,"LAKE BOGA, TRESCO WEST"
3585,143.3369,-35.34839,235,"CASTLE DONNINGTON, CHILLINGOLLAH, FISH POINT, GOSCHEN, KUNAT, MEATIAN, NOWIE, NYRRABY, PIRA, POLISBET, SPEEWA, SWAN HILL WEST"
3586,143.79259,-35.11402,10,PENTAL ISLAND
3588,143.47032,-35.29429,5,
3589,143.44125,-35.228436,5,
3590,143.49353,-35.235706,5,BEVERFORD
3594,143.34602,-35.138157,10,NYAH
3595,143.35168,-35.20275,20,NYAH WEST
3596,143.32768,-35.123806,5,TOWAN
3597,143.18979,-34.96536,5,"KENLEY, KOOLOONONG, LAKE POWELL, NARRUNG, NATYA, PIANGIL"
3599,143.14323,-34.72974,5,
3608,145.09575,-36.74071,40,"BAILIESTON, GOULBURN WEIR, GRAYTOWN, KIRWANS BRIDGE, NAGAMBIE, WAHRING"
3610,145.22935,-36.57763,20,"DHURRINGILE, MURCHISON EAST"
3612,145.01932,-36.575935,30,"RUSHWORTH, WANALTA, WARANGA SHORES, WHROO"
3614,145.30098,-36.479195,5,"TOOLAMBA, TOOLAMBA WEST"
3616,145.14522,-36.46412,85,"GILLIESTON, GIRGARRE EAST, HARSTON, TATURA, TATURA EAST, WARANGA"
3618,145.12502,-36.37708,15,MERRIGUM
3619,144.9363,-37.659565,5,KYABRAM
3620,145.08273,-36.284584,135,"KYABRAM, KYABRAM SOUTH, LANCASTER, ST GERMAINS"
3621,144.96118,-36.206055,40,"KYVALLEY, TONGALA, YAMBUNA"
3622,144.87573,-36.23196,5,"KOYUGA, STRATHALLAN"
3623,144.9768,-36.46138,10,"CARAG CARAG, STANHOPE, STANHOPE SOUTH"
3624,144.96576,-36.410187,25,GIRGARRE
3629,145.26065,-36.287308,285,"ARDMONA, UNDERA"
3630,145.40318,-36.38085,720,"CANIAMBO, DUNKIRK, SHEPPARTON, SHEPPARTON SOUTH"
3631,145.52669,-36.428696,165,"ARCADIA, ARCADIA SOUTH, GRAHAMVALE, KARRAMOMUS, KIALLA, KIALLA EAST, KIALLA WEST, LEMNOS, ORRVALE, PINE LODGE, SHEPPARTON EAST, SHEPPARTON NORTH"
3632,145.60324,-36.54446,5,SHEPPARTON
3633,145.46297,-36.307938,10,
3634,145.4403,-36.224186,20,"KATANDRA, KATANDRA WEST, MARIONVALE, MARUNGI, TALLYGAROOPNA, ZEERUST"
3635,145.30827,-36.142597,15,KAARIMBA
3636,145.47948,-36.09388,105,"DRUMANURE, INVERGORDON, NARING, NUMURKAH"
3637,145.32903,-36.050686,10,"WAAIA, YALCA"
3638,145.24657,-36.03202,20,"KOTUPNA, NATHALIA, YIELIMA"
3639,145.04726,-36.021294,10,"BARMAH, LOWER MOIRA, PICOLA, PICOLA WEST"
3640,145.48601,-36.00978,15,KATUNGA
3641,145.4283,-35.89718,20,"BEARII, ULUPNA"
3643,145.63187,-35.955364,5,COBRAM
3644,145.63268,-35.945354,155,"COBRAM, COBRAM EAST, KOONOOMOO, YARROWEYAH"
3646,145.70404,-36.247444,10,"DOOKIE, NALINGA, WAGGARANDALL, YABBA NORTH, YABBA SOUTH, YOUANMITE"
3649,145.68867,-36.082664,10,"KATAMATITE, KATAMATITE EAST"
3658,145.11185,-37.2414,105,"CLONBINANE, HAZELDENE, REEDY CREEK, STRATH CREEK, WATERFORD PARK"
3659,145.07088,-37.110344,5,TALLAROOK
3660,145.25787,-37.035927,170,"CAVEAT, DROPMORE, HIGHLANDS, HILLDENE, KERRISDALE, NORTHWOOD, SEYMOUR, SEYMOUR SOUTH, TRAWOOL, WHITEHEADS CREEK"
3662,144.94865,-36.93565,5,PUCKAPUNYAL
3663,145.15886,-36.910877,5,MANGALORE
3664,145.2982,-36.92725,10,"AVENEL, UPTON HILL"
3665,145.35762,-36.84409,5,"LOCKSLEY, LONGWOOD"
3666,145.5655,-36.786777,45,"BALMATTUM, EUROA, GOORAM, KELVIN VIEW, KITHBROOK, LONGWOOD EAST, MIEPOLL, PRANJIP, RIGGS CREEK, RUFFY, SHEANS CREEK, STRATHBOGIE, TARCOMBE"
3669,145.70866,-36.62533,15,"EARLSTON, GOWANGARDIE, KOONDA, MARRAWEENEY, TAMLEUGH, TAMLEUGH NORTH, UPOTIPOTPON, VIOLET TOWN"
3670,145.85245,-36.62375,5,"BADDAGINNIE, TARNOOK, WARRENBAYNE"
3671,145.42068,-36.385143,5,BENALLA
3672,145.97777,-36.554935,220,BENALLA
3673,146.06252,-36.66993,15,"GOOMALIBEE, LIMA, LIMA EAST, LIMA SOUTH, LURG, SAMARIA, TATONG, UPPER LURG, UPPER RYANS CREEK"
3675,146.26683,-36.56508,15,"GLENROWAN, GLENROWAN WEST, GRETA, GRETA SOUTH, GRETA WEST, HANSONVILLE, TAMINICK"
3676,146.33861,-36.341244,5,WANGARATTA
3677,146.33057,-36.358017,335,"WANGARATTA, YARRUNGA"
3678,146.48244,-36.68892,35,"CARBOOR, CHESHUNT, CHESHUNT SOUTH, DOCKER, DOCKERS PLAINS, EAST WANGARATTA, EDI, EDI UPPER, EVERTON, EVERTON UPPER, KILLAWARRA, KING VALLEY, LACEBY, LONDRIGAN, MARKWOOD, MEADOW CREEK, MILAWA, NORTH WANGARATTA, OXLEY, OXLEY FLATS, PEECHELBA, PEECHELBA EAST, ROSE RIVER, TARRAWINGEE, WABONGA, WALDARA, WANGANDARY, WANGARATTA FORWARD, WANGARATTA SOUTH, WHITLANDS"
3682,146.42865,-36.17427,5,"LILLIPUT, NORONG, SPRINGHURST"
3683,146.60463,-36.180786,20,"CHILTERN, CHILTERN VALLEY"
3685,146.47064,-36.05645,35,"CARLYLE, GOORAMADDA, GREAT SOUTHERN, PRENTICE NORTH, RUTHERGLEN"
3687,146.41592,-36.018772,20,WAHGUNYAH
3688,146.7172,-36.119194,15,"BARNAWARTHA, INDIGO VALLEY"
3689,144.98979,-37.67576,5,
3690,146.86436,-36.135715,775,WEST WODONGA
3691,147.881,-36.027153,125,"ALLANS FLAT, BANDIANA, BARANDUDA, BARNAWARTHA NORTH, BELLBRIDGE, BERRINGAMA, BETHANGA, CASTLE CREEK, DEDERANG, EBDEN, GATEWAY ISLAND, GLEN CREEK, GUNDOWRING, HUON CREEK, KANCOONA, KERGUNYAH, KERGUNYAH SOUTH, KIEWA, KILLARA, LENEVA, LUCYVALE, OSBORNES FLAT, RUNNING CREEK, STAGHORN FLAT, TALGARNO, TANGAMBALANGA, THOLOGOLONG, UPPER GUNDOWRING"
3695,147.12367,-36.304283,5,"CHARLEROI, HUON, SANDY CREEK"
3697,147.17924,-36.68753,5,TAWONGA
3698,147.14948,-36.722034,5,TAWONGA SOUTH
3699,147.29926,-36.844307,10,"FALLS CREEK, NELSE"
3700,147.35527,-36.3359,15,"GEORGES CREEK, JARVIS CREEK, TALLANGATTA, TALLANGATTA EAST"
3701,147.47682,-36.638767,10,"DARTMOUTH, ESKDALE, GRANYA, OLD TALLANGATTA, SHELLEY, TALLANDOON, TALLANGATTA SOUTH, TALLANGATTA VALLEY"
3705,147.76991,-36.322884,5,
3707,148.03796,-36.586315,15,"BIGGARA, NARIEL VALLEY, THOWGLA VALLEY, TOM GROGGIN, TOWONG, TOWONG UPPER"
3709,147.66737,-36.035908,5,"GUYS FOREST, PINE MOUNTAIN, WALWA"
3711,145.68216,-37.41047,5,
3712,145.83905,-37.3209,5,"RUBICON, THORNTON"
3713,145.90623,-37.241528,15,"EILDON, LAKE EILDON, TAYLOR BAY"
3714,145.68788,-37.210537,40,"ACHERON, ALEXANDRA, CATHKIN, DEVILS RIVER, FAWCETT, KORIELLA, MAINTONGOON, TAGGERTY, WHANREGARWEN"
3715,145.73943,-36.98575,5,"ANCONA, MERTON"
3717,145.43578,-37.28661,40,"FLOWERDALE, GHIN GHIN, GLENBURN, HOMEWOOD, KILLINGWORTH, LIMESTONE, YEA"
3719,145.60849,-37.041214,5,"GOBUR, KANUMBRA, TERIP TERIP, YARCK"
3720,145.85031,-37.017242,10,BONNIE DOON
3722,146.25327,-37.202633,70,"BARWITE, MANSFIELD"
3723,146.2565,-36.894466,25,"ARCHERTON, BARJARG, DELATITE, ENOCHS POINT, GAFFNEYS CREEK, GOUGHS BAY, HOWES CREEK, HOWQUA, HOWQUA HILLS, HOWQUA INLET, JAMIESON, KEVINGTON, KNOCKWOOD, MACS COVE, MAINDAMPLE, MATLOCK, MERRIJIG, PIRIES, SAWMILL SETTLEMENT, TOLMIE"
3725,145.93733,-36.41436,5,"CHESNEY VALE, GOORAMBAT, MAJOR PLAINS, STEWARTON"
3726,145.9602,-36.332253,5,"DEVENISH, THOONA"
3727,145.95778,-36.242443,5,"ALMONDS, LAKE ROWAN, PELLUEBLA, ST JAMES, YUNDOOL"
3728,145.95901,-36.148922,15,"WILBY, YOUARANG"
3730,145.97476,-36.05178,150,"BATHUMI, ESMOND, TELFORD, YARRAWONGA, YARRAWONGA SOUTH"
3732,146.31375,-36.686813,5,
3733,146.31635,-36.812088,5,WHITFIELD
3735,146.60358,-36.515713,5,"BOWMANS FOREST, WHOROULY, WHOROULY EAST, WHOROULY SOUTH"
3737,146.82759,-36.554035,55,"ABBEYARD, BARWIDGEE, DANDONGADALE, GAPSTED, HAVILAH, MERRIANG, MERRIANG SOUTH, NUG NUG, ROSEWHITE, SELWYN"
3738,146.75397,-36.58792,5,OVENS
3739,146.8642,-36.641014,5,EUROBIN
3740,146.83456,-36.731686,5,POREPUNKAH
3741,147.06316,-36.962315,15,"FREEBURGH, GERMANTOWN, HARRIETVILLE, HOTHAM HEIGHTS, MOUNT HOTHAM, SMOKO"
3746,146.51767,-36.31396,5,ELDORADO
3747,146.72571,-36.361057,35,"BEECHWORTH, STANLEY"
3749,146.86382,-36.42031,15,YACKANDANDAH
3750,145.00558,-37.596077,420,
3751,145.0529,-37.554653,5,
3752,145.07436,-37.619102,240,SOUTH MORANG
3753,144.95952,-37.476475,205,BEVERIDGE
3754,145.11299,-37.593555,620,"DOREEN, MERNDA"
3755,145.14203,-37.563904,5,YAN YEAN
3756,144.95663,-37.41233,425,"CHINTIN, DARRAWEIT GUIM, UPPER PLENTY, WALLAN"
3757,145.18222,-37.469784,95,"EDEN PARK, HUMEVALE, KINGLAKE CENTRAL, KINGLAKE WEST, PHEASANT CREEK, WHITTLESEA"
3758,145.05255,-37.35465,20,"HEATHCOTE JUNCTION, WANDONG"
3759,145.24728,-37.650387,5,PANTON HILL
3760,145.28835,-37.627,5,SMITHS GULLY
3761,145.29237,-37.585625,10,ST ANDREWS
3763,145.35338,-37.521862,15,KINGLAKE
3764,144.90065,-37.263737,175,"FORBES, GLENAROUA, HIGH CAMP, KILMORE, KILMORE EAST, TANTARABOO"
3765,145.34662,-37.81477,35,
3766,145.38495,-37.817818,10,KALORAMA
3767,145.3475,-37.839386,5,MOUNT DANDENONG
3770,145.416,-37.708782,20,"GRUYERE, YERING"
3775,145.366,-37.642853,20,"CHRISTMAS HILLS, DIXONS CREEK, STEELS CREEK, TARRAWARRA, YARRA GLEN"
3777,145.51381,-37.606087,120,"BADGER CREEK, CASTELLA, CHUM CREEK, HEALESVILLE, HEALESVILLE MAIN STREET, TOOLANGI"
3778,145.62302,-37.53749,5,"FERNSHAW, NARBETHONG"
3779,145.78474,-37.53927,5,"CAMBARVILLE, MARYSVILLE"
3781,145.48787,-37.938473,50,NANGANA
3782,145.43303,-37.93807,50,"AVONSLEIGH, CLEMATIS, EMERALD, MACCLESFIELD"
3783,145.59657,-37.94738,20,GEMBROOK
3786,145.33243,-37.87819,5,FERNY CREEK
3787,145.35089,-37.866787,5,"SASSAFRAS, SASSAFRAS GULLY"
3788,145.37712,-37.848038,5,OLINDA
3791,145.37962,-37.896915,5,KALLISTA
3792,145.4054,-37.89424,10,THE PATCH
3793,145.42972,-37.874535,35,
3795,145.43031,-37.836662,10,SILVAN
3796,145.38492,-37.786976,75,MOUNT EVELYN
3797,145.78635,-37.86781,70,"GILDEROY, GLADYSDALE, POWELLTOWN, THREE BRIDGES, YARRA JUNCTION"
3799,145.81851,-37.727566,95,"BIG PATS CREEK, EAST WARBURTON, MCMAHONS CREEK, MILLGROVE, REEFTON, WARBURTON, WESBURN"
3800,145.13493,-37.910545,5,
3802,145.2556,-37.971764,230,ENDEAVOUR HILLS
3803,145.26552,-38.009434,135,HALLAM
3804,145.32599,-37.98006,30,"NARRE WARREN EAST, NARRE WARREN NORTH"
3805,145.3042,-38.037025,620,"FOUNTAIN GATE, NARRE WARREN, NARRE WARREN SOUTH"
3806,145.34949,-38.025017,500,"BERWICK, HARKAWAY"
3807,145.37163,-38.048317,70,BEACONSFIELD
3808,145.42326,-38.002518,10,"BEACONSFIELD UPPER, DEWHURST"
3809,145.40689,-38.069096,290,"OFFICER, OFFICER SOUTH"
3810,145.47252,-38.04658,1085,"PAKENHAM, PAKENHAM SOUTH, PAKENHAM UPPER, RYTHDALE"
3812,145.5653,-38.070133,30,"MARYKNOLL, NAR NAR GOON, NAR NAR GOON NORTH"
3813,145.63434,-38.06425,10,
3814,145.66911,-38.10718,30,"GARFIELD, GARFIELD NORTH, VERVALE"
3815,145.72632,-38.01378,30,"IONA, TONIMBUK"
3816,145.788,-38.04354,60,"LABERTOUCHE, LONGWARRY, LONGWARRY NORTH"
3818,145.86734,-38.09629,305,"ATHLONE, DROUIN, DROUIN EAST, DROUIN SOUTH, DROUIN WEST, HALLORA, JINDIVICK, RIPPLEBROOK"
3820,145.92221,-38.207478,315,"BONA VISTA, LILLICO, WARRAGUL"
3821,145.94522,-37.919937,15,"ELLINBANK, FERNDALE, LARDNER, NILMA, NILMA NORTH, ROKEBY, SEAVIEW, SHADY CREEK, TETOORA ROAD, TORWOOD, WARRAGUL SOUTH, WARRAGUL WEST"
3822,145.9899,-38.194378,10,"CLOVERLEA, DARNUM, GAINSBOROUGH"
3823,146.06566,-38.21038,35,"ALLAMBEE, YARRAGON, YARRAGON SOUTH"
3824,146.16397,-38.245647,85,"CHILDERS, NARRACAN, THORPDALE SOUTH, TRAFALGAR, TRAFALGAR EAST, TRAFALGAR SOUTH"
3825,146.34293,-37.978863,530,"ABERFELDY, AMOR, CARINGAL, COALVILLE, ERICA, FUMINA, FUMINA SOUTH, HERNES OAK, HILL END, JACOB CREEK, JERICHO, NEWBOROUGH, RAWSON, TANJIL, TANJIL SOUTH, THALLOO, THOMSON, TOOMBON, WALHALLA, WALHALLA EAST, WESTBURY, WILLOW GROVE, YALLOURN, YALLOURN NORTH"
3831,146.01314,-37.99326,25,"NEERIM, NEERIM EAST, NEERIM SOUTH"
3832,145.94522,-37.919937,5,"NAYOOK, NEERIM JUNCTION, NEERIM NORTH"
3833,145.85187,-37.84222,5,"ADA, BAW BAW, BAW BAW VILLAGE, GENTLE ANNIE, ICY CREEK, LOCH VALLEY, NOOJEE, PIEDMONT, TANJIL BREN, TOORONGO, VESPER"
3835,146.17528,-38.290638,15,THORPDALE
3840,146.42445,-38.245216,515,"DRIFFIELD, HAZELWOOD, HAZELWOOD NORTH, HAZELWOOD SOUTH, JEERALANG, JEERALANG JUNCTION, MARYVALE"
3842,146.41435,-38.315453,190,CHURCHILL
3844,146.6071,-38.316868,585,"CALLIGNEE, CALLIGNEE NORTH, CALLIGNEE SOUTH, CARRAJUNG, CARRAJUNG LOWER, CARRAJUNG SOUTH, FLYNN, FLYNNS CREEK, KOORNALLA, LOY YANG, TRARALGON, TRARALGON EAST, TRARALGON SOUTH"
3847,146.773,-38.166214,40,"HIAMDALE, NAMBROK, ROSEDALE"
3850,147.10619,-38.22419,305,SALE
3851,147.0844,-38.03555,60,"AIRLY, CLYDEBANK, COBAINS, DARRIMAN, DUTSON, DUTSON DOWNS, FLAMINGO BEACH, FULHAM, GIFFARD, GIFFARD WEST, GLOMAR BEACH, GOLDEN BEACH, KILMANY, LAKE WELLINGTON, LOCH SPORT, LONGFORD, PARADISE BEACH, PEARSONDALE, SEACOMBE, SEASPRAY, SOMERTON PARK, STRADBROKE, THE HEART, THE HONEYSUCKLES"
3854,146.59688,-38.12413,20,"GLENGARRY, GLENGARRY NORTH, GLENGARRY WEST"
3856,146.67221,-38.063908,20,TOONGABBIE
3857,146.6949,-38.018616,5,
3858,146.82916,-37.36904,60,"ARBUCKLE, BILLABONG, DAWSON, DENISON, GILLUM, GLENFALLOCH, GLENMAGGIE, HEYFIELD, HOWITT PLAINS, LICOLA, LICOLA NORTH, REYNARD, SARGOOD, SEATON, TAMBORITHA, YANGOURA"
3859,146.84827,-37.886135,10,"MAFFRA WEST UPPER, NEWRY, TINAMBA, TINAMBA WEST"
3860,146.80518,-37.57171,140,"KOOROOL, MAFFRA, NAP NAP MARRA, RIVERSLEA, TOOLOME, VALENCIA CREEK"
3862,147.13002,-37.553043,65,"COBBANNAH, DARGO, HAWKHURST, HOLLANDS LANDING, LLOWALONG, MEERLIEU, PERRY BRIDGE, STOCKDALE, STRATFORD, WATERFORD"
3864,147.3415,-37.860878,5,"FERNBANK, GLENALADALE"
3865,147.45595,-37.79674,5,LINDENOW
3869,146.35983,-38.36469,25,"JUMBUK, YINNAR, YINNAR SOUTH"
3870,146.31935,-38.437946,20,"GRAND RIDGE, JOHNSTONES HILL"
3871,146.15886,-38.42207,30,"ALLAMBEE RESERVE, ALLAMBEE SOUTH, BAROMI, DARLIMURLA, DELBURN, DOLLAR"
3873,146.70877,-38.298267,5,GORMANDALE
3874,146.83624,-38.51444,5,MCLOUGHLINS BEACH
3875,147.632,-37.82603,390,"BAIRNSDALE, BANKSIA PENINSULA, BENGWORDEN, CALULU, CLIFTON CREEK, DEPTFORD, EAST BAIRNSDALE, EASTWOOD, ELLASWOOD, FAIRY DELL, FLAGGY CREEK, FORGE CREEK, GOON NURE, GRANITE ROCK, HILLSIDE, IGUANA CREEK, LINDENOW SOUTH, LUCKNOW, MARTHAVALE, MELWOOD, MERRIJIG, MOUNT TAYLOR, NEWLANDS ARM, RYANS, SARSFIELD, TABBERABBERA, WALPA, WATERHOLES, WENTWORTH"
3878,147.68011,-37.898544,15,EAGLE POINT
3880,147.72739,-37.914726,65,"OCEAN GRANGE, PAYNESVILLE, RAYMOND ISLAND"
3882,147.76439,-37.812016,25,NICHOLSON
3885,148.0697,-37.0161,25,"GELANTIPY, TAMBO UPPER, TIMBARRA, W TREE, YALMY"
3886,148.42685,-37.770977,5,NEWMERELLA
3887,148.11664,-37.757896,10,"LAKE TYERS, NOWA NOWA, WAIREWA"
3888,148.66095,-37.39051,70,"BENDOC, BETE BOLONG, BETE BOLONG NORTH, CAPE CONRAN, DEDDICK VALLEY, DELEGATE RIVER, GOONGERAH, HAYDENS BOG, JARRAHMOND, MARLO, NURRAN, ORBOST, SIMPSONS CREEK, TOSTAREE, TUBBUT, WAYGARA"
3889,148.87395,-37.61084,5,"BELLBIRD CREEK, BEMM RIVER, CABBAGE TREE CREEK, CLUB TERRACE, ERRINUNDRA, MANORINA"
3890,149.21721,-37.56649,5,"CANN RIVER, CHANDLERS CREEK, NOORINBEE, NOORINBEE NORTH, TAMBOON, TONGHI CREEK"
3892,149.90987,-37.563774,5,MALLACOOTA
3895,147.88751,-37.37933,5,"DOCTORS FLAT, ENSAY, ENSAY NORTH, REEDY FLAT"
3896,147.70796,-37.26467,5,"BINDI, NUNNIONG, TONGIO"
3898,147.4648,-37.06617,5,"ANGLERS REST, BINGO MUNJIE, CASSILIS, COBUNGRA, DINNER PLAIN, GLEN VALLEY, GLEN WILLS, HINNOMUNJIE, OMEO, OMEO VALLEY, SHANNONVALE"
3900,147.82614,-36.88053,5,"BENAMBRA, COBBERAS"
3902,147.8149,-37.797043,5,JOHNSONVILLE
3903,147.86754,-37.811302,10,
3904,147.83937,-37.881042,15,METUNG
3909,147.97023,-37.821922,180,"KALIMNA, KALIMNA WEST, LAKE BUNGA, LAKE TYERS BEACH, LAKES ENTRANCE, NUNGURNER, NYERIMILANG, TOORLOO ARM"
3910,145.19833,-38.15637,260,LANGWARRIN
3911,145.16956,-38.196907,40,"BAXTER, LANGWARRIN SOUTH"
3912,145.22737,-38.21799,185,"PEARCEDALE, SOMERVILLE"
3913,145.16643,-38.26227,30,
3915,145.13663,-38.305805,240,"HASTINGS, TUERONG"
3916,145.05058,-38.4152,5,"MERRICKS, POINT LEO, SHOREHAM"
3918,145.15555,-38.33987,35,BITTERN
3919,145.19978,-38.352325,70,
3921,145.36874,-38.41571,5,"ELIZABETH ISLAND, FRENCH ISLAND"
3922,145.23198,-38.48218,135,"SILVERLEAVES, SMITHS BEACH, VENTNOR"
3923,145.29362,-38.465553,10,RHYLL
3925,145.37968,-38.528214,50,"CAPE WOOLAMAI, CHURCHILL ISLAND, NEWHAVEN, SAN REMO"
3926,145.0945,-38.355232,10,"BALNARRING, BALNARRING BEACH, MERRICKS BEACH, MERRICKS NORTH"
3927,145.15327,-38.38337,10,SOMERS
3928,144.97513,-38.40783,5,MAIN RIDGE
3929,144.97667,-38.460964,5,FLINDERS
3930,145.09375,-38.19502,60,KUNYUNG
3931,145.0495,-38.230038,225,
3933,145.09698,-38.26117,5,
3934,145.0316,-38.2783,105,
3936,145.00763,-38.326447,130,"ARTHURS SEAT, DROMANA, SAFETY BEACH"
3937,145.01994,-38.373695,5,"RED HILL, RED HILL SOUTH"
3938,144.93184,-38.35432,35,MCCRAE
3939,144.9004,-38.42776,230,"CAPE SCHANCK, FINGAL, ROSEBUD, ROSEBUD PLAZA"
3940,144.87541,-38.37363,85,CAPEL SOUND
3941,144.82721,-38.396076,170,"RYE, ST ANDREWS BEACH, TOOTGAROOK"
3942,144.7683,-38.367874,10,
3943,144.7391,-38.345528,5,SORRENTO
3944,144.6927,-38.321873,5,PORTSEA
3945,145.69705,-38.38158,10,"JEETHO, KROWERA, LOCH"
3950,145.81294,-38.43522,75,"KARDELLA SOUTH, KORUMBURRA, KORUMBURRA SOUTH, WHITELAW"
3951,145.79842,-38.47372,5,"ARAWATA, FAIRBANK, JUMBUNNA, KARDELLA, KONGWAK, OUTTRIM, RANCEBY"
3953,145.99518,-38.46013,90,"BERRYS CREEK, HALLSTON, KOOROOMAN, LEONGATHA, LEONGATHA NORTH, LEONGATHA SOUTH, MARDAN, NERRENA, RUBY, TRIDA, WILD DOG VALLEY"
3954,145.93797,-38.55038,5,KOONWARRA
3956,145.95534,-38.59702,30,"DUMBALK, DUMBALK NORTH, MEENIYAN, MIDDLE TARWIN, TARWIN, TARWIN LOWER, VENUS BAY, WALKERVILLE, WALKERVILLE NORTH, WALKERVILLE SOUTH"
3958,145.98706,-38.67384,5,
3959,146.06653,-38.734634,5,"FISH CREEK, SANDY POINT, WARATAH BAY"
3960,146.36041,-39.140762,15,"BENNISON, FOSTER, FOSTER NORTH, GUNYAH, SHALLOW INLET, TIDAL RIVER, YANAKIE"
3962,146.3598,-38.60357,20,"AGNES, TOORA, TOORA NORTH"
3964,146.27881,-38.685116,5,PORT FRANKLIN
3965,146.47214,-38.693436,5,PORT WELSHPOOL
3966,146.43658,-38.63057,10,"BINGINWARRI, HAZEL PARK, WELSHPOOL"
3967,146.50793,-38.64756,5,HEDLEY
3971,146.81572,-38.631943,70,"ALBERTON, ALBERTON WEST, BALOOK, CALROSSIE, DEVON NORTH, GELLIONDALE, HIAWATHA, HUNTERSTON, JACK RIVER, LANGSBOROUGH, MACKS CREEK, MADALYA, MANNS BEACH, PORT ALBERT, ROBERTSONS BEACH, SNAKE ISLAND, STACEYS BRIDGE, TARRA VALLEY, TARRAVILLE, YARRAM"
3975,145.23111,-38.05354,130,"LYNBROOK, LYNDHURST"
3976,145.2643,-38.043995,355,HAMPTON PARK
3977,145.26952,-38.14664,1790,"CANNONS CREEK, DEVON MEADOWS, JUNCTION VILLAGE, SANDHURST, SKYE"
3978,145.38461,-38.13501,745,"CARDINIA, CLYDE, CLYDE NORTH"
3979,145.59128,-38.44818,5,"ALMURTA, GLEN ALVIE, KERNOT"
3980,145.35693,-38.20445,40,"TOORADIN, WARNEET"
3981,145.575,-38.2073,90,"BAYLES, CATANI, DALMORE, HEATH HILL, KOO WEE RUP, KOO WEE RUP NORTH, YANNATHAN"
3984,145.56398,-38.31265,130,"ADAMS ESTATE, CALDERMEADE, GRANTVILLE, JAM JERRUP, LANG LANG, LANG LANG EAST, PIONEER BAY, QUEENSFERRY, TENBY POINT, THE GURDIES"
3987,145.68915,-38.309048,20,NYORA
3988,145.81186,-38.313446,10,"POOWONG, POOWONG EAST, POOWONG NORTH"
3990,145.50128,-38.4554,5,GLEN FORBES
3991,145.46678,-38.48304,5,BASS
3992,145.53432,-38.569134,25,"BLACKWOOD FOREST, DALYSTON, RYANSTON, WEST CREEK"
3995,145.6307,-38.57807,200,"ANDERSON, ARCHIES CREEK, CAPE PATERSON, HARMERS HAVEN, KILCUNDA, LANCE CREEK, NORTH WONTHAGGI, SOUTH DUDLEY, ST CLAIR, WATTLE BANK"
3996,145.7456,-38.629562,40,"INVERLOCH, POUND CREEK"
8785,145.20851,-38.016113,5,
