postcode,long,lat,recipients
3000,144.98259,-37.814438,65
3001,144.98259,-37.814438,15
3002,144.98259,-37.814438,10
3003,144.94958,-37.81087,20
3004,144.98259,-37.814438,25
3004,144.97015,-37.844246,25
3004,144.976,-37.8368,25
3006,144.95207,-37.825287,45
3006,144.96593,-37.823257,45
3008,144.94804,-37.81472,35
3011,144.90796,-37.807102,120
3011,144.90796,-37.807102,120
3011,144.90796,-37.807102,120
3012,144.86116,-37.807137,190
3012,144.86116,-37.807137,190
3012,144.86116,-37.807137,190
3012,144.86116,-37.807137,190
3012,144.86116,-37.807137,190
3012,144.86116,-37.807137,190
3013,144.88869,-37.814182,55
3013,144.88869,-37.814182,55
3015,144.88055,-37.83824,95
3015,144.88055,-37.83824,95
3015,144.88055,-37.83824,95
3016,144.88846,-37.863743,65
3016,144.88846,-37.863743,65
3018,144.81273,-37.86172,90
3018,144.81273,-37.86172,90
3019,144.85402,-37.784683,135
3019,144.85402,-37.784683,135
3019,144.85402,-37.784683,135
3020,144.82994,-37.777203,555
3020,144.82994,-37.777203,555
3020,144.82994,-37.777203,555
3020,144.82994,-37.777203,555
3020,144.81108,-37.7981,555
3021,144.79669,-37.743362,900
3021,144.79669,-37.743362,900
3021,144.79669,-37.743362,900
3021,144.79669,-37.743362,900
3022,144.79396,-37.795937,35
3022,144.79396,-37.795937,35
3023,144.77065,-37.78272,725
3023,144.75566,-37.73219,725
3023,144.77065,-37.78272,725
3023,144.77065,-37.78272,725
3023,144.77065,-37.78272,725
3023,144.77065,-37.78272,725
3023,144.77065,-37.78272,725
3024,144.64993,-37.750458,960
3024,144.55655,-37.89987,960
3024,144.58124,-37.866943,960
3024,144.55655,-37.89987,960
3024,144.55655,-37.89987,960
3025,144.8397,-37.835564,140
3025,144.8397,-37.835564,140
3025,144.8397,-37.835564,140
3026,144.64209,-37.91624,75
3026,144.77498,-37.82992,75
3027,144.75415,-37.93242,50
3027,144.74301,-37.862,50
3027,144.75415,-37.93242,50
3028,144.77716,-37.875065,295
3028,144.77716,-37.875065,295
3028,144.77716,-37.875065,295
3029,144.70583,-37.837166,1680
3029,144.70583,-37.837166,1680
3029,144.70583,-37.837166,1680
3030,144.64209,-37.91624,1510
3030,144.64209,-37.91624,1510
3030,144.64209,-37.91624,1510
3030,144.64209,-37.91624,1510
3030,144.64209,-37.91624,1510
3030,144.64209,-37.91624,1510
3031,144.9234,-37.79119,200
3031,144.9234,-37.79119,200
3032,144.89722,-37.774487,275
3032,144.89722,-37.774487,275
3032,144.89722,-37.774487,275
3032,144.89722,-37.774487,275
3033,144.85764,-37.74107,70
3034,144.86194,-37.761234,80
3036,144.82246,-37.705322,35
3036,144.82246,-37.705322,35
3037,144.78047,-37.71558,490
3037,144.78047,-37.71558,490
3037,144.78047,-37.71558,490
3037,144.78047,-37.71558,490
3037,144.78047,-37.71558,490
3037,144.78047,-37.71558,490
3038,144.76688,-37.700455,205
3038,144.76688,-37.700455,205
3038,144.76688,-37.700455,205
3038,144.76688,-37.700455,205
3039,144.92299,-37.766186,60
3040,144.90256,-37.751846,95
3040,144.90256,-37.751846,95
3040,144.90256,-37.751846,95
3041,144.90482,-37.731464,50
3041,144.90482,-37.731464,50
3041,144.90482,-37.731464,50
3041,144.90482,-37.731464,50
3041,144.90482,-37.731464,50
3042,144.8663,-37.727528,115
3042,144.8663,-37.727528,115
3042,144.8663,-37.727528,115
3042,144.886,-37.7393,115
3043,144.88837,-37.691917,180
3043,144.88837,-37.691917,180
3043,144.88837,-37.691917,180
3044,144.93636,-37.731136,145
3044,144.93636,-37.731136,145
3045,144.8362,-37.67474,5
3046,144.92796,-37.706577,355
3046,144.92796,-37.706577,355
3046,144.92796,-37.706577,355
3047,144.93025,-37.681107,415
3047,144.93025,-37.681107,415
3047,144.93025,-37.681107,415
3048,144.92361,-37.653915,345
3048,144.92361,-37.653915,345
3049,144.88849,-37.673183,125
3049,144.88849,-37.673183,125
3051,144.94356,-37.8006,140
3051,144.94356,-37.8006,140
3052,144.9489,-37.788998,35
3052,144.9489,-37.788998,35
3053,144.96611,-37.80357,100
3053,144.96611,-37.80357,100
3054,144.96724,-37.786972,25
3054,144.96724,-37.786972,25
3055,144.94221,-37.763584,80
3055,144.94221,-37.763584,80
3055,144.94221,-37.763584,80
3055,144.94221,-37.763584,80
3056,144.96011,-37.766293,80
3056,144.96011,-37.766293,80
3056,144.96011,-37.766293,80
3057,144.97728,-37.77001,35
3057,144.97728,-37.77001,35
3057,144.98035,-37.772232,35
3058,144.96452,-37.739902,175
3058,144.96452,-37.739902,175
3058,144.96452,-37.739902,175
3058,144.96452,-37.739902,175
3058,144.96452,-37.739902,175
3059,144.87962,-37.63989,245
3060,144.96788,-37.707325,140
3060,144.96788,-37.707325,140
3060,144.96788,-37.707325,140
3061,144.95676,-37.666264,45
3062,144.93256,-37.632984,0
3063,144.85608,-37.595016,5
3063,144.85608,-37.595016,5
3064,144.9422,-37.54652,1810
3064,144.9422,-37.54652,1810
3064,144.9422,-37.54652,1810
3064,144.9422,-37.54652,1810
3064,144.9422,-37.54652,1810
3065,144.9778,-37.80261,140
3066,144.98691,-37.804848,155
3066,144.98691,-37.804848,155
3067,144.9982,-37.803516,25
3068,144.98622,-37.790974,65
3068,144.98622,-37.790974,65
3070,144.99974,-37.774063,65
3070,144.99974,-37.774063,65
3071,145.007,-37.759426,85
3072,145.0057,-37.74247,240
3072,145.0057,-37.74247,240
3072,145.0057,-37.74247,240
3072,145.0057,-37.74247,240
3072,145.0057,-37.74247,240
3072,145.0057,-37.74247,240
3072,145.0057,-37.74247,240
3072,145.0057,-37.74247,240
3073,145.00595,-37.712475,460
3073,145.00595,-37.712475,460
3073,145.00595,-37.712475,460
3073,145.00595,-37.712475,460
3073,145.00595,-37.712475,460
3074,145.00664,-37.684685,225
3075,145.00269,-37.66607,265
3075,145.00269,-37.66607,265
3076,145.02214,-37.643597,460
3076,145.02214,-37.643597,460
3078,145.02585,-37.778297,50
3078,145.02585,-37.778297,50
3079,145.04857,-37.772675,50
3079,145.04857,-37.772675,50
3079,145.04857,-37.772675,50
3081,145.0464,-37.743008,245
3081,145.0464,-37.743008,245
3081,145.0464,-37.743008,245
3081,145.0464,-37.743008,245
3082,145.06566,-37.66486,275
3083,145.05623,-37.701347,210
3083,145.05623,-37.701347,210
3083,145.05623,-37.701347,210
3084,145.08269,-37.744408,110
3084,145.08269,-37.744408,110
3084,145.08269,-37.744408,110
3084,145.08269,-37.744408,110
3084,145.08269,-37.744408,110
3085,145.06989,-37.7244,65
3085,145.06989,-37.7244,65
3085,145.06989,-37.7244,65
3086,145.04701,-37.72133,0
3087,145.08243,-37.71179,45
3087,145.08243,-37.71179,45
3088,145.10834,-37.700176,165
3088,145.10834,-37.700176,165
3088,145.10834,-37.700176,165
3088,145.12949,-37.6895,165
3089,145.15038,-37.667713,60
3090,145.1078,-37.668407,5
3091,145.13669,-37.637478,5
3093,145.1152,-37.73919,35
3094,145.12473,-37.71976,50
3095,145.15858,-37.7133,115
3095,145.15858,-37.7133,115
3095,145.15858,-37.7133,115
3096,145.18582,-37.670853,15
3097,145.2242,-37.695255,5
3097,145.2242,-37.695255,5
3097,145.2242,-37.695255,5
3099,145.19286,-37.592102,25
3099,145.19286,-37.592102,25
3099,145.19286,-37.592102,25
3099,145.19286,-37.592102,25
3099,145.19286,-37.592102,25
3101,145.03658,-37.807396,40
3101,145.03658,-37.807396,40
3102,145.05219,-37.793804,10
3103,145.07411,-37.811737,30
3103,145.07411,-37.811737,30
3103,145.06586,-37.811413,30
3103,145.07411,-37.811737,30
3103,145.062,-37.8007,30
3104,145.08171,-37.793694,35
3104,145.08171,-37.793694,35
3105,145.08481,-37.772476,40
3105,145.08481,-37.772476,40
3106,145.14267,-37.758335,55
3107,145.11067,-37.765224,50
3108,145.1258,-37.78643,120
3109,145.16165,-37.784786,110
3109,145.16165,-37.784786,110
3109,145.16165,-37.784786,110
3109,145.16165,-37.784786,110
3111,145.18634,-37.794052,50
3113,145.20468,-37.752125,30
3113,145.20468,-37.752125,30
3114,145.2126,-37.778595,5
3115,145.2676,-37.736732,10
3116,145.31308,-37.73763,80
3121,145.00179,-37.823303,140
3121,145.0071,-37.82687,140
3121,145.00179,-37.823303,140
3121,145.00179,-37.823303,140
3121,145.00179,-37.823303,140
3121,145.00179,-37.823303,140
3121,145.00179,-37.823303,140
3121,145.00179,-37.823303,140
3122,145.03061,-37.822723,60
3122,145.03061,-37.822723,60
3122,145.03061,-37.822723,60
3122,145.03061,-37.822723,60
3122,145.03061,-37.822723,60
3123,145.04941,-37.829754,40
3123,145.04941,-37.829754,40
3124,145.06819,-37.840866,35
3124,145.06819,-37.840866,35
3124,145.06819,-37.840866,35
3124,145.06819,-37.840866,35
3124,145.06819,-37.840866,35
3124,145.06819,-37.840866,35
3125,145.101,-37.851303,65
3125,145.101,-37.851303,65
3125,145.101,-37.851303,65
3126,145.07574,-37.8272,10
3126,145.07574,-37.8272,10
3127,145.09723,-37.825172,40
3127,145.09723,-37.825172,40
3127,145.09723,-37.825172,40
3128,145.12239,-37.828865,120
3128,145.12239,-37.828865,120
3128,145.12239,-37.828865,120
3128,145.12239,-37.828865,120
3128,145.12239,-37.828865,120
3129,145.12509,-37.806965,60
3129,145.12509,-37.806965,60
3129,145.12509,-37.806965,60
3130,145.14966,-37.81805,115
3130,145.14966,-37.81805,115
3130,145.14966,-37.81805,115
3130,145.14966,-37.81805,115
3131,145.17448,-37.8178,80
3131,145.17448,-37.8178,80
3131,145.17448,-37.8178,80
3132,145.19669,-37.81922,70
3132,145.19669,-37.81922,70
3132,145.19669,-37.81922,70
3133,145.1923,-37.848785,85
3133,145.1923,-37.848785,85
3134,145.25793,-37.82306,225
3134,145.23256,-37.79609,225
3134,145.23256,-37.79609,225
3134,145.23256,-37.79609,225
3134,145.23256,-37.79609,225
3135,145.24821,-37.819595,115
3135,145.24821,-37.819595,115
3135,145.24821,-37.819595,115
3136,145.2824,-37.779877,465
3136,145.2824,-37.779877,465
3136,145.2824,-37.779877,465
3136,145.2824,-37.779877,465
3137,145.31334,-37.819363,155
3137,145.31334,-37.819363,155
3138,145.3228,-37.78391,220
3139,145.53267,-37.814507,155
3139,145.53267,-37.814507,155
3139,145.53267,-37.814507,155
3139,145.53267,-37.814507,155
3139,145.53267,-37.814507,155
3139,145.53267,-37.814507,155
3139,145.53267,-37.814507,155
3139,145.53267,-37.814507,155
3139,145.53267,-37.814507,155
3139,145.53267,-37.814507,155
3140,145.36319,-37.759155,165
3141,144.99126,-37.84068,80
3141,144.99126,-37.84068,80
3141,144.99126,-37.84068,80
3142,145.01773,-37.84411,25
3142,145.01773,-37.84411,25
3143,145.0194,-37.858917,25
3143,145.0194,-37.858917,25
3144,145.03413,-37.857445,20
3144,145.03413,-37.857445,20
3144,145.03413,-37.857445,20
3145,145.04933,-37.873558,65
3145,145.04933,-37.873558,65
3145,145.04933,-37.873558,65
3145,145.04933,-37.873558,65
3145,145.04933,-37.873558,65
3145,145.04933,-37.873558,65
3146,145.05783,-37.857117,40
3146,145.05783,-37.857117,40
3147,145.09294,-37.867863,85
3147,145.09294,-37.867863,85
3148,145.09015,-37.88256,70
3148,145.09015,-37.88256,70
3148,145.09015,-37.88256,70
3148,145.11209,-37.8736,70
3149,145.12811,-37.88075,75
3149,145.12811,-37.88075,75
3149,145.12811,-37.88075,75
3150,145.16884,-37.914383,170
3150,145.17084,-37.87697,170
3150,145.17084,-37.87697,170
3151,145.15112,-37.85523,30
3151,145.15112,-37.85523,30
3152,145.2217,-37.864952,195
3152,145.2217,-37.864952,195
3152,145.2217,-37.864952,195
3152,145.2217,-37.864952,195
3153,145.27014,-37.845116,220
3153,145.27014,-37.845116,220
3154,145.31784,-37.85601,40
3155,145.28442,-37.861797,245
3156,145.2929,-37.91793,305
3156,145.2929,-37.91793,305
3156,145.2929,-37.91793,305
3156,145.2929,-37.91793,305
3156,145.2929,-37.91793,305
3158,145.32446,-37.910076,40
3159,145.3892,-37.921894,15
3159,145.3892,-37.921894,15
3160,145.35081,-37.935097,50
3160,145.35081,-37.935097,50
3160,145.35081,-37.935097,50
3160,145.35081,-37.935097,50
3161,145.01993,-37.873734,50
3161,145.01993,-37.873734,50
3162,145.02339,-37.89214,60
3162,145.02339,-37.89214,60
3162,145.02339,-37.89214,60
3163,145.05724,-37.896496,105
3163,145.05724,-37.896496,105
3163,145.05724,-37.896496,105
3163,145.05724,-37.896496,105
3164,145.23738,-38.02243,5
3165,145.05943,-37.922367,120
3165,145.05943,-37.922367,120
3166,145.08972,-37.902805,105
3166,145.08972,-37.902805,105
3166,145.08972,-37.902805,105
3166,145.08972,-37.902805,105
3167,145.08762,-37.923344,55
3168,145.12665,-37.91342,65
3168,145.12665,-37.91342,65
3169,145.11526,-37.94515,125
3169,145.11526,-37.94515,125
3170,145.16786,-37.920944,105
3170,145.16786,-37.920944,105
3171,145.15678,-37.944607,190
3171,145.15678,-37.944607,190
3172,145.13464,-37.975983,200
3172,145.13464,-37.975983,200
3173,145.16486,-38.00677,215
3174,145.17877,-37.966217,530
3174,145.17877,-37.966217,530
3174,145.17877,-37.966217,530
3175,145.20851,-38.016113,755
3175,145.20851,-38.016113,755
3175,145.20851,-38.016113,755
3175,145.20851,-38.016113,755
3175,145.20851,-38.016113,755
3175,145.20851,-38.016113,755
3176,145.23,-37.8992,0
3177,145.23746,-37.990986,235
3177,145.23746,-37.990986,235
3178,145.2416,-37.92443,175
3179,145.22264,-37.897137,45
3180,145.24673,-37.893265,65
3181,144.9955,-37.854683,65
3181,144.9955,-37.854683,65
3181,144.9955,-37.854683,65
3182,144.97948,-37.865322,125
3182,144.97948,-37.865322,125
3182,144.97948,-37.865322,125
3183,144.99902,-37.869072,85
3183,144.99902,-37.869072,85
3184,144.98404,-37.881413,65
3184,144.98404,-37.881413,65
3185,145.00256,-37.89184,40
3185,145.00256,-37.89184,40
3185,145.00256,-37.89184,40
3186,144.99632,-37.915066,65
3186,144.99632,-37.915066,65
3186,144.99632,-37.915066,65
3186,144.99632,-37.915066,65
3187,145.0136,-37.92537,50
3187,145.0136,-37.92537,50
3188,145.00723,-37.93889,70
3188,145.00723,-37.93889,70
3188,145.00723,-37.93889,70
3189,145.0478,-37.94202,30
3189,145.0478,-37.94202,30
3189,145.0478,-37.94202,30
3190,145.03815,-37.951393,80
3191,145.01347,-37.956585,30
3192,145.0623,-37.965656,150
3192,145.0623,-37.965656,150
3192,145.0623,-37.965656,150
3192,145.0623,-37.965656,150
3193,145.03156,-37.9787,35
3193,145.03156,-37.9787,35
3193,145.03156,-37.9787,35
3193,145.03156,-37.9787,35
3194,145.06735,-37.985058,55
3194,145.06735,-37.985058,55
3194,145.06735,-37.985058,55
3195,145.10411,-38.007023,165
3195,145.10411,-38.007023,165
3195,145.10411,-38.007023,165
3195,145.10411,-38.007023,165
3195,145.10411,-38.007023,165
3195,145.10411,-38.007023,165
3195,145.10411,-38.007023,165
3196,145.12276,-38.04648,220
3196,145.12276,-38.04648,220
3196,145.12276,-38.04648,220
3196,145.12276,-38.04648,220
3197,145.13411,-38.072746,90
3197,145.13411,-38.072746,90
3198,145.13782,-38.103195,265
3198,145.13782,-38.103195,265
3199,145.13596,-38.16258,810
3199,145.13596,-38.16258,810
3199,145.13596,-38.16258,810
3199,145.13596,-38.16258,810
3199,145.13596,-38.16258,810
3199,145.13596,-38.16258,810
3200,145.15758,-38.126457,190
3200,145.15758,-38.126457,190
3201,145.1779,-38.092873,415
3202,145.0927,-37.960556,20
3204,145.03679,-37.916958,125
3204,145.03679,-37.916958,125
3204,145.03679,-37.916958,125
3204,145.03679,-37.916958,125
3205,144.95818,-37.83169,95
3205,144.95818,-37.83169,95
3206,144.95087,-37.846535,20
3206,144.95087,-37.846535,20
3207,144.91805,-37.83218,85
3207,144.91805,-37.83218,85
3211,144.49847,-37.943584,15
3212,144.42267,-38.03996,265
3212,144.42267,-38.03996,265
3212,144.42267,-38.03996,265
3213,144.2894,-37.9406,50
3213,144.2779,-38.091,50
3213,144.32236,-38.040703,50
3213,144.2771,-38.038,50
3214,144.35239,-38.08478,760
3214,144.35239,-38.08478,760
3214,144.35239,-38.08478,760
3215,144.33452,-38.111004,275
3215,144.33452,-38.111004,275
3215,144.33452,-38.111004,275
3215,144.33452,-38.111004,275
3215,144.33452,-38.111004,275
3215,144.33452,-38.111004,275
3215,144.33452,-38.111004,275
3216,144.334,-38.215904,505
3216,144.334,-38.215904,505
3216,144.334,-38.215904,505
3216,144.334,-38.215904,505
3216,144.334,-38.215904,505
3216,144.334,-38.215904,505
3216,144.334,-38.215904,505
3216,144.334,-38.215904,505
3216,144.334,-38.215904,505
3217,144.37079,-38.23414,460
3217,144.36836,-38.215588,460
3217,145.109,-37.8495,460
3217,144.24959,-38.270298,460
3217,144.31279,-38.249836,460
3218,144.28949,-38.13028,115
3218,144.33098,-38.13873,115
3218,144.33098,-38.13873,115
3218,144.33098,-38.13873,115
3218,144.14182,-38.094505,115
3218,144.22343,-38.122044,115
3219,144.38953,-38.17277,335
3219,144.38953,-38.17277,335
3219,144.38953,-38.17277,335
3219,144.38953,-38.17277,335
3219,144.38953,-38.17277,335
3219,144.38953,-38.17277,335
3220,144.34653,-38.15704,85
3220,144.34653,-38.15704,85
3220,144.34653,-38.15704,85
3220,144.34653,-38.15704,85
3221,144.42741,-38.181606,5
3221,144.42741,-38.181606,5
3221,144.42741,-38.181606,5
3221,144.42741,-38.181606,5
3221,144.42741,-38.181606,5
3221,144.42741,-38.181606,5
3221,144.42741,-38.181606,5
3221,144.42741,-38.181606,5
3221,144.42741,-38.181606,5
3221,144.42741,-38.181606,5
3221,144.42741,-38.181606,5
3221,144.42741,-38.181606,5
3221,144.42741,-38.181606,5
3221,144.42741,-38.181606,5
3221,144.42741,-38.181606,5
3221,144.42741,-38.181606,5
3221,144.42741,-38.181606,5
3221,144.42741,-38.181606,5
3221,144.42741,-38.181606,5
3221,144.42741,-38.181606,5
3221,144.42741,-38.181606,5
3222,144.57298,-38.209923,240
3222,144.57298,-38.209923,240
3222,144.57298,-38.209923,240
3222,144.57298,-38.209923,240
3222,144.57298,-38.209923,240
3222,144.5119,-38.22638,240
3223,144.62172,-38.13623,140
3223,144.66847,-38.147987,140
3223,144.66847,-38.147987,140
3223,144.66847,-38.147987,140
3224,144.4624,-38.202904,175
3224,144.42482,-38.179882,175
3225,144.6142,-38.271072,20
3225,144.6142,-38.271072,20
3225,144.6142,-38.271072,20
3225,144.6142,-38.271072,20
3226,144.52376,-38.26381,120
3227,144.40814,-38.263054,30
3227,144.40814,-38.263054,30
3227,144.40814,-38.263054,30
3228,144.29997,-38.307545,125
3228,144.29997,-38.307545,125
3228,144.29997,-38.307545,125
3228,144.29997,-38.307545,125
3230,144.17639,-38.409363,20
3231,144.10689,-38.459435,5
3231,144.00793,-38.47821,5
3231,144.10689,-38.459435,5
3231,144.10689,-38.459435,5
3231,144.10689,-38.459435,5
3232,143.97017,-38.544975,5
3232,143.97017,-38.544975,5
3233,143.67178,-38.679417,25
3233,143.67178,-38.679417,25
3233,143.67178,-38.679417,25
3233,143.67178,-38.679417,25
3233,143.67178,-38.679417,25
3233,143.67178,-38.679417,25
3234,143.8324,-38.67912,0
3234,143.8049,-38.638474,0
3234,143.8732,-38.58813,0
3234,143.7961,-38.69,0
3234,143.7986,-38.6747,0
3234,143.8494,-38.624973,0
3235,143.92429,-38.411964,5
3235,143.97969,-38.42876,5
3235,143.92429,-38.411964,5
3235,143.92429,-38.411964,5
3236,143.71239,-38.521904,5
3236,143.71239,-38.521904,5
3237,143.4744,-38.71684,5
3237,143.4744,-38.71684,5
3237,143.4744,-38.71684,5
3237,143.4744,-38.71684,5
3237,143.4744,-38.71684,5
3237,143.4744,-38.71684,5
3237,143.4744,-38.71684,5
3237,143.4744,-38.71684,5
3238,143.42998,-38.781788,0
3238,143.42998,-38.781788,0
3238,143.42998,-38.781788,0
3238,143.42998,-38.781788,0
3239,143.4481,-38.564014,5
3239,143.4481,-38.564014,5
3239,143.4481,-38.564014,5
3239,143.4481,-38.564014,5
3240,144.17441,-38.263004,10
3240,144.17441,-38.263004,10
3240,144.17441,-38.263004,10
3240,144.17441,-38.263004,10
3240,144.17441,-38.263004,10
3240,144.17441,-38.263004,10
3241,143.89282,-38.20363,45
3241,143.89282,-38.20363,45
3241,143.89282,-38.20363,45
3241,143.89282,-38.20363,45
3241,143.89282,-38.20363,45
3241,143.89282,-38.20363,45
3242,143.74033,-38.346703,10
3243,143.82588,-38.364033,5
3243,143.82588,-38.364033,5
3243,143.82588,-38.364033,5
3243,143.82588,-38.364033,5
3243,143.82588,-38.364033,5
3249,143.55716,-38.38829,25
3249,143.55716,-38.38829,25
3249,143.55716,-38.38829,25
3249,143.55716,-38.38829,25
3249,143.55716,-38.38829,25
3249,143.55716,-38.38829,25
3249,143.55716,-38.38829,25
3249,143.55716,-38.38829,25
3249,143.55716,-38.38829,25
3249,143.69478,-38.452965,25
3249,143.55716,-38.38829,25
3249,143.55716,-38.38829,25
3249,143.55716,-38.38829,25
3249,143.55716,-38.38829,25
3249,143.55716,-38.38829,25
3249,143.55716,-38.38829,25
3249,143.55716,-38.38829,25
3249,143.55716,-38.38829,25
3249,143.55716,-38.38829,25
3249,143.55716,-38.38829,25
3249,143.55716,-38.38829,25
3249,143.55716,-38.38829,25
3249,143.55716,-38.38829,25
3249,143.55716,-38.38829,25
3249,143.55716,-38.38829,25
3250,143.58475,-38.311512,200
3250,143.58475,-38.311512,200
3250,143.58475,-38.311512,200
3250,143.58475,-38.311512,200
3251,143.64848,-38.155186,5
3251,143.59233,-38.14625,5
3251,143.64848,-38.155186,5
3251,143.64848,-38.155186,5
3251,143.64848,-38.155186,5
3254,143.52228,-38.289635,5
3260,143.24477,-38.209583,65
3260,143.24477,-38.209583,65
3260,143.24477,-38.209583,65
3260,143.24477,-38.209583,65
3260,143.24477,-38.209583,65
3260,143.24477,-38.209583,65
3260,143.24477,-38.209583,65
3260,143.24477,-38.209583,65
3260,143.24477,-38.209583,65
3260,143.24477,-38.209583,65
3260,143.24477,-38.209583,65
3260,143.24477,-38.209583,65
3260,143.24477,-38.209583,65
3260,143.24477,-38.209583,65
3260,143.24477,-38.209583,65
3260,143.24477,-38.209583,65
3260,143.24477,-38.209583,65
3260,143.24477,-38.209583,65
3264,142.8844,-38.232445,25
3265,142.95238,-38.178238,20
3265,142.95238,-38.178238,20
3265,142.95238,-38.178238,20
3265,142.95238,-38.178238,20
3265,142.95238,-38.178238,20
3265,142.95238,-38.178238,20
3265,142.95238,-38.178238,20
3265,142.95238,-38.178238,20
3265,142.95238,-38.178238,20
3265,142.95238,-38.178238,20
3265,142.95238,-38.178238,20
3265,142.95238,-38.178238,20
3265,142.95238,-38.178238,20
3265,142.95238,-38.178238,20
3265,142.95238,-38.178238,20
3265,142.95238,-38.178238,20
3265,142.95238,-38.178238,20
3265,142.95238,-38.178238,20
3266,143.13373,-38.407093,35
3266,143.13373,-38.407093,35
3266,143.13373,-38.407093,35
3266,143.13373,-38.407093,35
3266,143.13373,-38.407093,35
3266,143.13373,-38.407093,35
3266,143.13373,-38.407093,35
3266,143.13373,-38.407093,35
3266,143.13373,-38.407093,35
3266,143.13373,-38.407093,35
3267,143.06073,-38.46665,5
3268,142.9089,-38.5358,25
3268,142.9089,-38.5358,25
3268,142.9089,-38.5358,25
3268,142.9089,-38.5358,25
3268,142.9089,-38.5358,25
3268,142.9089,-38.5358,25
3268,142.86441,-38.51855,25
3268,142.9089,-38.5358,25
3268,142.9089,-38.5358,25
3268,142.9089,-38.5358,25
3268,142.9089,-38.5358,25
3268,142.9089,-38.5358,25
3268,142.9089,-38.5358,25
3268,142.9089,-38.5358,25
3268,142.79642,-38.437958,25
3268,142.9089,-38.5358,25
3268,142.9089,-38.5358,25
3268,142.9089,-38.5358,25
3268,142.9089,-38.5358,25
3269,143.17711,-38.660637,5
3269,143.17711,-38.660637,5
3269,143.17711,-38.660637,5
3270,142.87016,-38.602116,5
3271,142.98753,-37.88855,5
3271,142.98753,-37.88855,5
3271,142.98753,-37.88855,5
3272,142.85364,-37.982185,30
3272,142.85364,-37.982185,30
3273,142.66064,-37.98125,0
3274,142.4786,-37.960777,5
3275,142.45761,-38.301792,5
3275,142.45761,-38.301792,5
3276,142.48181,-38.053818,5
3276,142.4091,-38.180923,5
3277,142.66022,-38.389835,15
3277,142.66022,-38.389835,15
3277,142.66022,-38.389835,15
3277,142.66022,-38.389835,15
3277,142.66022,-38.389835,15
3277,142.66022,-38.389835,15
3278,142.62473,-38.27801,10
3278,142.55453,-38.296688,10
3279,142.65749,-38.214554,5
3279,142.65749,-38.214554,5
3280,142.4829,-38.37884,550
3280,142.4829,-38.37884,550
3280,142.4829,-38.37884,550
3280,142.4829,-38.37884,550
3280,142.4829,-38.37884,550
3281,142.63011,-38.254456,10
3281,142.63011,-38.254456,10
3281,142.63011,-38.254456,10
3281,142.63011,-38.254456,10
3282,142.35165,-38.268177,40
3282,142.35165,-38.268177,40
3283,142.32877,-38.313435,10
3283,142.32877,-38.313435,10
3283,142.32877,-38.313435,10
3283,142.32877,-38.313435,10
3283,142.32877,-38.313435,10
3283,142.32877,-38.313435,10
3283,142.32877,-38.313435,10
3283,142.32877,-38.313435,10
3283,142.32877,-38.313435,10
3283,142.32877,-38.313435,10
3284,142.11926,-38.270397,30
3284,142.11926,-38.270397,30
3285,142.05891,-38.2902,10
3285,142.05891,-38.2902,10
3285,142.05891,-38.2902,10
3285,142.05891,-38.2902,10
3285,142.05891,-38.2902,10
3285,142.05891,-38.2902,10
3285,142.05891,-38.2902,10
3285,142.05891,-38.2902,10
3286,141.83612,-37.9711,10
3286,141.96323,-38.036037,10
3286,141.96323,-38.036037,10
3286,141.96323,-38.036037,10
3286,142.07161,-37.986145,10
3287,142.31953,-38.059868,5
3287,142.31953,-38.059868,5
3289,142.22775,-37.893196,5
3289,142.1981,-37.991932,5
3289,142.22775,-37.893196,5
3289,142.22775,-37.893196,5
3289,142.22775,-37.893196,5
3292,141.05199,-38.03887,5
3293,142.52725,-37.655945,5
3293,142.52725,-37.655945,5
3293,142.52725,-37.655945,5
3294,142.31276,-37.57398,5
3294,142.31276,-37.57398,5
3294,142.31276,-37.57398,5
3294,142.31276,-37.57398,5
3294,142.31276,-37.57398,5
3294,142.31276,-37.57398,5
3294,142.31276,-37.57398,5
3300,142.01335,-37.743156,195
3300,142.01335,-37.743156,195
3301,142.03413,-38.118855,5
3301,142.03413,-38.118855,5
3301,142.03413,-38.118855,5
3301,142.03413,-38.118855,5
3301,142.03413,-38.118855,5
3301,142.03413,-38.118855,5
3301,142.03413,-38.118855,5
3301,142.03413,-38.118855,5
3301,142.03413,-38.118855,5
3301,142.03413,-38.118855,5
3301,142.03413,-38.118855,5
3301,142.03413,-38.118855,5
3301,142.03413,-38.118855,5
3301,142.03413,-38.118855,5
3301,142.03413,-38.118855,5
3302,141.70638,-37.84798,5
3302,141.70638,-37.84798,5
3303,141.78961,-37.98087,5
3303,141.78961,-37.98087,5
3303,141.78961,-37.98087,5
3303,141.78961,-37.98087,5
3303,141.78961,-37.98087,5
3303,141.78961,-37.98087,5
3304,141.95215,-38.182083,40
3304,141.95215,-38.182083,40
3304,141.95215,-38.182083,40
3304,141.95215,-38.182083,40
3304,141.95215,-38.182083,40
3304,141.95215,-38.182083,40
3304,141.95215,-38.182083,40
3304,141.95215,-38.182083,40
3304,141.95215,-38.182083,40
3304,141.95215,-38.182083,40
3304,141.95215,-38.182083,40
3304,141.95215,-38.182083,40
3305,141.43723,-38.235474,240
3305,141.43723,-38.235474,240
3305,141.43723,-38.235474,240
3305,141.43723,-38.235474,240
3305,141.43723,-38.235474,240
3305,141.43723,-38.235474,240
3305,141.43723,-38.235474,240
3305,141.43723,-38.235474,240
3305,141.43723,-38.235474,240
3305,141.43723,-38.235474,240
3305,141.43723,-38.235474,240
3305,141.43723,-38.235474,240
3309,141.511,-37.82644,5
3310,141.54916,-37.70789,5
3310,141.54916,-37.70789,5
3311,141.22972,-37.46816,25
3311,141.22972,-37.46816,25
3311,141.22972,-37.46816,25
3311,141.22972,-37.46816,25
3312,141.36575,-37.6391,5
3312,141.36575,-37.6391,5
3312,141.36575,-37.6391,5
3312,141.36575,-37.6391,5
3312,141.36575,-37.6391,5
3312,141.36575,-37.6391,5
3312,141.36575,-37.6391,5
3312,141.36575,-37.6391,5
3312,141.36575,-37.6391,5
3312,141.36575,-37.6391,5
3312,141.36575,-37.6391,5
3312,141.36575,-37.6391,5
3312,141.36575,-37.6391,5
3312,141.36575,-37.6391,5
3312,141.36575,-37.6391,5
3312,141.36575,-37.6391,5
3312,141.36575,-37.6391,5
3312,141.42387,-37.43929,5
3312,141.36575,-37.6391,5
3312,141.36575,-37.6391,5
3314,141.93567,-37.58672,5
3314,141.93567,-37.58672,5
3314,141.93567,-37.58672,5
3314,142.32991,-37.348965,5
3314,141.93567,-37.58672,5
3314,141.93567,-37.58672,5
3315,141.68752,-37.40837,20
3315,141.68752,-37.40837,20
3315,141.68752,-37.40837,20
3315,141.68752,-37.40837,20
3315,141.68752,-37.40837,20
3315,141.68752,-37.40837,20
3315,141.68752,-37.40837,20
3315,141.68752,-37.40837,20
3315,141.68752,-37.40837,20
3315,141.68752,-37.40837,20
3315,141.54433,-37.573368,20
3315,141.68752,-37.40837,20
3315,141.68752,-37.40837,20
3315,141.68752,-37.40837,20
3315,141.68752,-37.40837,20
3315,141.68752,-37.40837,20
3315,141.68752,-37.40837,20
3315,141.68752,-37.40837,20
3317,141.45164,-37.16667,5
3318,141.26958,-37.025314,20
3318,141.26958,-37.025314,20
3318,141.26958,-37.025314,20
3318,141.26958,-37.025314,20
3318,141.26958,-37.025314,20
3318,141.26958,-37.025314,20
3318,141.26958,-37.025314,20
3318,141.26958,-37.025314,20
3318,141.26958,-37.025314,20
3319,141.05139,-36.873962,5
3319,141.05139,-36.873962,5
3319,141.05139,-36.873962,5
3321,143.88055,-38.087757,10
3321,143.88055,-38.087757,10
3321,143.88055,-38.087757,10
3322,143.7433,-38.02133,5
3323,143.52094,-38.026314,5
3323,143.52094,-38.026314,5
3323,143.52094,-38.026314,5
3324,143.37541,-37.94194,10
3324,143.37541,-37.94194,10
3324,143.37541,-37.94194,10
3325,143.18591,-37.877453,10
3325,143.18591,-37.877453,10
3325,143.18591,-37.877453,10
3325,143.18591,-37.877453,10
3328,144.04306,-38.018665,20
3329,143.90872,-37.9837,5
3329,143.77269,-38.044537,5
3329,143.90872,-37.9837,5
3330,143.75858,-37.918438,5
3331,144.19463,-38.049194,75
3331,144.19463,-38.049194,75
3331,144.19463,-38.049194,75
3331,144.19463,-38.049194,75
3331,144.19463,-38.049194,75
3331,144.19463,-38.049194,75
3331,144.19463,-38.049194,75
3332,144.09718,-37.944447,10
3333,144.04475,-37.87179,10
3333,144.04475,-37.87179,10
3334,144.08609,-37.75803,5
3334,144.08609,-37.75803,5
3334,144.08609,-37.75803,5
3334,144.08609,-37.75803,5
3334,144.08609,-37.75803,5
3335,144.66989,-37.69609,320
3335,144.63933,-37.7069,320
3335,144.69968,-37.72414,320
3335,144.69968,-37.72414,320
3335,144.6249,-37.730293,320
3336,144.6684,-37.719,385
3336,144.7041,-37.7332,385
3336,144.71262,-37.704823,385
3337,144.54625,-37.65724,1020
3337,144.57146,-37.656055,1020
3337,144.57146,-37.656055,1020
3337,144.57146,-37.656055,1020
3337,144.57146,-37.656055,1020
3338,144.57103,-37.70553,1160
3338,144.60086,-37.70732,1160
3338,144.57103,-37.70553,1160
3338,144.57103,-37.70553,1160
3338,144.57103,-37.70553,1160
3338,144.59691,-37.73399,1160
3338,144.56834,-37.728706,1160
3340,144.39444,-37.787136,370
3340,144.39444,-37.787136,370
3340,144.39444,-37.787136,370
3340,144.39444,-37.787136,370
3340,144.39444,-37.787136,370
3340,144.39444,-37.787136,370
3340,144.39444,-37.787136,370
3340,144.39444,-37.787136,370
3340,144.39444,-37.787136,370
3340,144.39444,-37.787136,370
3340,144.39444,-37.787136,370
3340,144.39444,-37.787136,370
3340,144.25505,-37.84039,370
3341,144.30823,-37.57371,10
3341,144.30823,-37.57371,10
3341,144.30823,-37.57371,10
3341,144.30823,-37.57371,10
3341,144.30823,-37.57371,10
3342,144.2391,-37.651463,65
3342,144.2391,-37.651463,65
3342,144.2391,-37.651463,65
3342,144.2391,-37.651463,65
3342,144.2391,-37.651463,65
3342,144.2391,-37.651463,65
3342,144.2391,-37.651463,65
3342,144.2391,-37.651463,65
3342,144.2391,-37.651463,65
3345,144.12366,-37.5878,10
3350,143.8645,-37.57194,1050
3350,143.8645,-37.57194,1050
3350,143.8645,-37.57194,1050
3350,143.8645,-37.57194,1050
3350,143.8645,-37.57194,1050
3350,143.8645,-37.57194,1050
3350,143.8645,-37.57194,1050
3350,143.8645,-37.57194,1050
3350,143.8645,-37.57194,1050
3350,143.8645,-37.57194,1050
3350,143.8645,-37.57194,1050
3350,143.8645,-37.57194,1050
3350,143.8645,-37.57194,1050
3350,143.8645,-37.57194,1050
3350,143.76909,-37.55411,1050
3350,143.8645,-37.57194,1050
3350,143.8645,-37.57194,1050
3350,143.8645,-37.57194,1050
3350,143.8645,-37.57194,1050
3350,143.8645,-37.57194,1050
3350,143.8645,-37.57194,1050
3350,143.8645,-37.57194,1050
3350,143.8645,-37.57194,1050
3351,143.63747,-37.758247,105
3351,143.63747,-37.758247,105
3351,143.63747,-37.758247,105
3351,143.63747,-37.758247,105
3351,143.63747,-37.758247,105
3351,143.63747,-37.758247,105
3351,143.63747,-37.758247,105
3351,143.63747,-37.758247,105
3351,143.63747,-37.758247,105
3351,143.63747,-37.758247,105
3351,143.63747,-37.758247,105
3351,143.63747,-37.758247,105
3351,143.63747,-37.758247,105
3351,143.63747,-37.758247,105
3351,143.63747,-37.758247,105
3351,143.63747,-37.758247,105
3351,143.63747,-37.758247,105
3351,143.63747,-37.758247,105
3351,143.63747,-37.758247,105
3351,143.63747,-37.758247,105
3351,143.63747,-37.758247,105
3351,143.63747,-37.758247,105
3351,143.63747,-37.758247,105
3351,143.63747,-37.758247,105
3351,143.63747,-37.758247,105
3351,143.63747,-37.758247,105
3351,143.63747,-37.758247,105
3351,143.63747,-37.758247,105
3351,143.63747,-37.758247,105
3352,143.66238,-37.482132,205
3352,143.66238,-37.482132,205
3352,143.66238,-37.482132,205
3352,143.66238,-37.482132,205
3352,143.66238,-37.482132,205
3352,143.81369,-37.603355,205
3352,143.66238,-37.482132,205
3352,143.66238,-37.482132,205
3352,143.66238,-37.482132,205
3352,143.66238,-37.482132,205
3352,143.66238,-37.482132,205
3352,143.66238,-37.482132,205
3352,143.66238,-37.482132,205
3352,143.66238,-37.482132,205
3352,143.66238,-37.482132,205
3352,143.66238,-37.482132,205
3352,143.66238,-37.482132,205
3352,143.66238,-37.482132,205
3352,143.66238,-37.482132,205
3352,143.66238,-37.482132,205
3352,143.66238,-37.482132,205
3352,143.66238,-37.482132,205
3352,143.66238,-37.482132,205
3352,143.66238,-37.482132,205
3352,143.66238,-37.482132,205
3352,143.66238,-37.482132,205
3352,143.66238,-37.482132,205
3352,143.66238,-37.482132,205
3352,143.66238,-37.482132,205
3352,143.66238,-37.482132,205
3352,143.66238,-37.482132,205
3352,143.66238,-37.482132,205
3352,143.66238,-37.482132,205
3352,143.66238,-37.482132,205
3352,143.66238,-37.482132,205
3352,143.66238,-37.482132,205
3352,143.66238,-37.482132,205
3352,143.66238,-37.482132,205
3352,143.66238,-37.482132,205
3352,143.66238,-37.482132,205
3352,143.66238,-37.482132,205
3352,143.66238,-37.482132,205
3352,143.66238,-37.482132,205
3352,143.66238,-37.482132,205
3352,143.66238,-37.482132,205
3352,143.66238,-37.482132,205
3352,143.66238,-37.482132,205
3352,143.66238,-37.482132,205
3352,143.66238,-37.482132,205
3352,143.66238,-37.482132,205
3352,143.66238,-37.482132,205
3352,143.66238,-37.482132,205
3352,143.66238,-37.482132,205
3352,143.66238,-37.482132,205
3352,143.66238,-37.482132,205
3352,143.66238,-37.482132,205
3352,143.66238,-37.482132,205
3352,143.66238,-37.482132,205
3352,143.66238,-37.482132,205
3352,143.66238,-37.482132,205
3352,143.66238,-37.482132,205
3352,143.66238,-37.482132,205
3353,144.83574,-37.7778,5
3354,143.86716,-37.560917,0
3354,143.86716,-37.560917,0
3355,143.8256,-37.530285,350
3355,143.8256,-37.530285,350
3355,143.8256,-37.530285,350
3355,143.8256,-37.530285,350
3356,143.82846,-37.59228,465
3356,143.82846,-37.59228,465
3356,143.82846,-37.59228,465
3357,143.88342,-37.653946,25
3357,143.88342,-37.653946,25
3357,143.88342,-37.653946,25
3358,143.7928,-37.580128,240
3360,143.59552,-37.72759,5
3360,143.51253,-37.77968,5
3360,143.51253,-37.77968,5
3360,143.51253,-37.77968,5
3360,143.51253,-37.77968,5
3361,143.3731,-37.752644,5
3361,143.3731,-37.752644,5
3361,143.3731,-37.752644,5
3363,143.88637,-37.42059,50
3363,143.88637,-37.42059,50
3363,143.98354,-37.45543,50
3363,143.88637,-37.42059,50
3363,143.88637,-37.42059,50
3363,143.88637,-37.42059,50
3363,143.88637,-37.42059,50
3364,143.90718,-37.334656,15
3364,143.90718,-37.334656,15
3364,143.90718,-37.334656,15
3364,144.09996,-37.478806,15
3364,143.90718,-37.334656,15
3364,143.90718,-37.334656,15
3364,143.90718,-37.334656,15
3364,143.90718,-37.334656,15
3364,143.90718,-37.334656,15
3364,143.84436,-37.360455,15
3364,143.90718,-37.334656,15
3364,143.98807,-37.088562,15
3364,143.90718,-37.334656,15
3364,143.90718,-37.334656,15
3364,143.90718,-37.334656,15
3364,143.90718,-37.334656,15
3364,143.90718,-37.334656,15
3364,143.90718,-37.334656,15
3364,143.90718,-37.334656,15
3364,143.90718,-37.334656,15
3364,143.90718,-37.334656,15
3364,143.92213,-37.40001,15
3364,143.90718,-37.334656,15
3364,143.90718,-37.334656,15
3364,143.90718,-37.334656,15
3364,143.90718,-37.334656,15
3370,143.81561,-37.25272,25
3370,143.81561,-37.25272,25
3370,143.81561,-37.25272,25
3370,143.888,-37.2763,25
3371,143.63562,-37.196938,10
3371,143.63562,-37.196938,10
3371,143.63562,-37.196938,10
3371,143.63562,-37.196938,10
3371,143.63562,-37.196938,10
3371,143.63562,-37.196938,10
3371,143.63562,-37.196938,10
3371,143.76668,-37.17667,10
3371,143.63562,-37.196938,10
3371,143.63562,-37.196938,10
3373,143.34343,-37.457787,35
3373,143.34343,-37.457787,35
3373,143.34343,-37.457787,35
3373,143.34343,-37.457787,35
3373,143.34343,-37.457787,35
3373,143.34343,-37.457787,35
3373,143.34343,-37.457787,35
3373,143.34343,-37.457787,35
3373,143.34343,-37.457787,35
3373,143.34343,-37.457787,35
3373,143.34343,-37.457787,35
3373,143.34343,-37.457787,35
3373,143.34343,-37.457787,35
3373,143.34343,-37.457787,35
3374,142.95691,-37.231525,5
3375,143.14362,-37.42429,5
3375,143.14362,-37.42429,5
3375,143.14362,-37.42429,5
3375,143.14362,-37.42429,5
3377,142.95691,-37.231525,170
3377,142.95691,-37.231525,170
3377,142.95691,-37.231525,170
3377,142.95691,-37.231525,170
3377,142.95691,-37.231525,170
3377,142.99483,-37.129753,170
3377,142.95691,-37.231525,170
3377,142.95691,-37.231525,170
3377,142.95691,-37.231525,170
3377,142.95691,-37.231525,170
3377,142.95691,-37.231525,170
3377,142.95691,-37.231525,170
3377,142.95691,-37.231525,170
3377,142.95691,-37.231525,170
3377,142.95691,-37.231525,170
3377,142.95691,-37.231525,170
3377,142.95691,-37.231525,170
3377,142.95691,-37.231525,170
3377,142.95691,-37.231525,170
3377,142.95691,-37.231525,170
3377,142.95691,-37.231525,170
3377,142.95691,-37.231525,170
3377,142.95691,-37.231525,170
3377,142.95691,-37.231525,170
3377,143.08714,-37.066833,170
3377,142.95691,-37.231525,170
3378,142.9854,-37.528793,5
3378,142.9854,-37.528793,5
3379,142.6833,-37.7667,5
3379,142.52144,-37.53404,5
3379,142.52144,-37.53404,5
3379,142.52144,-37.53404,5
3379,142.52144,-37.53404,5
3379,142.52144,-37.53404,5
3379,142.52144,-37.53404,5
3379,142.52144,-37.53404,5
3379,142.52144,-37.53404,5
3380,142.77116,-37.0666,100
3380,142.77116,-37.0666,100
3380,142.77116,-37.0666,100
3380,142.77116,-37.0666,100
3380,142.77116,-37.0666,100
3380,142.77116,-37.0666,100
3381,142.7154,-36.988914,10
3381,142.6925,-37.137836,10
3381,142.7154,-36.988914,10
3381,142.76414,-37.13488,10
3381,142.7154,-36.988914,10
3381,142.7154,-36.988914,10
3381,142.7154,-36.988914,10
3381,142.7154,-36.988914,10
3381,142.7154,-36.988914,10
3381,142.7154,-36.988914,10
3381,142.7154,-36.988914,10
3381,142.7154,-36.988914,10
3381,142.7154,-36.988914,10
3381,142.7154,-36.988914,10
3381,142.7154,-36.988914,10
3381,142.7154,-36.988914,10
3381,142.7154,-36.988914,10
3381,142.7154,-36.988914,10
3381,142.7154,-36.988914,10
3381,142.7154,-36.988914,10
3381,142.6448,-37.092907,10
3381,142.7154,-36.988914,10
3381,142.53186,-37.046387,10
3381,142.7154,-36.988914,10
3381,142.7154,-36.988914,10
3381,142.7154,-36.988914,10
3381,142.7154,-36.988914,10
3381,142.7154,-36.988914,10
3381,142.7154,-36.988914,10
3384,143.21732,-36.93829,10
3384,142.87401,-37.046257,10
3384,143.12634,-37.00026,10
3384,142.98677,-37.019848,10
3384,142.99948,-37.063145,10
3384,143.12634,-37.00026,10
3384,143.12634,-37.00026,10
3384,143.12634,-37.00026,10
3384,143.12634,-37.00026,10
3384,143.04843,-36.943874,10
3384,143.12634,-37.00026,10
3385,142.64757,-36.904186,5
3385,142.71106,-37,5
3385,142.64757,-36.904186,5
3385,142.64757,-36.904186,5
3385,142.53357,-36.739758,5
3385,142.64757,-36.904186,5
3385,142.45618,-36.974197,5
3385,142.61649,-36.81909,5
3387,142.98143,-36.71744,5
3387,142.79404,-36.822857,5
3387,142.79599,-36.925426,5
3387,142.7585,-36.976597,5
3387,142.9445,-36.932457,5
3387,142.98607,-36.77319,5
3387,142.87627,-36.66639,5
3387,142.77943,-36.711533,5
3387,142.89494,-36.866383,5
3387,142.90167,-36.748016,5
3387,142.90898,-36.80559,5
3388,142.69394,-36.597862,5
3388,142.69394,-36.597862,5
3390,142.48747,-36.583744,10
3390,142.48747,-36.583744,10
3391,142.44601,-36.092133,5
3392,142.67923,-36.34199,10
3392,142.67786,-36.43013,10
3392,142.67786,-36.43013,10
3393,142.38734,-36.257725,45
3393,142.38734,-36.257725,45
3393,142.38734,-36.257725,45
3393,142.38734,-36.257725,45
3393,142.38734,-36.257725,45
3393,142.38734,-36.257725,45
3393,142.38734,-36.257725,45
3393,142.38734,-36.257725,45
3393,142.38734,-36.257725,45
3393,142.38734,-36.257725,45
3393,142.38734,-36.257725,45
3395,142.44199,-35.918884,5
3395,142.44199,-35.918884,5
3395,142.64531,-35.957954,5
3395,142.42148,-35.833473,5
3396,142.32916,-35.7157,10
3396,142.32916,-35.7157,10
3396,142.32916,-35.7157,10
3400,142.20374,-36.725246,320
3400,142.20374,-36.725246,320
3400,142.20374,-36.725246,320
3400,142.20374,-36.725246,320
3400,142.20374,-36.725246,320
3400,142.20374,-36.725246,320
3400,142.20374,-36.725246,320
3401,141.94083,-36.881535,25
3401,142.2042,-37.039536,25
3401,141.94083,-36.881535,25
3401,141.94083,-36.881535,25
3401,141.94083,-36.881535,25
3401,141.94083,-36.881535,25
3401,141.94083,-36.881535,25
3401,141.94083,-36.881535,25
3401,141.94083,-36.881535,25
3401,141.94083,-36.881535,25
3401,141.94083,-36.881535,25
3401,141.94083,-36.881535,25
3401,141.94083,-36.881535,25
3401,141.94083,-36.881535,25
3401,141.94083,-36.881535,25
3401,141.94083,-36.881535,25
3401,142.3388,-36.5767,25
3401,141.94083,-36.881535,25
3401,141.94083,-36.881535,25
3401,141.94083,-36.881535,25
3401,141.94083,-36.881535,25
3401,142.34456,-36.68413,25
3401,141.94083,-36.881535,25
3401,141.94083,-36.881535,25
3401,141.94083,-36.881535,25
3401,141.94083,-36.881535,25
3401,141.94083,-36.881535,25
3401,141.94083,-36.881535,25
3401,141.94083,-36.881535,25
3401,141.94083,-36.881535,25
3401,141.94083,-36.881535,25
3401,141.94083,-36.881535,25
3401,141.94083,-36.881535,25
3401,141.94083,-36.881535,25
3401,141.94083,-36.881535,25
3401,142.05072,-37.274918,25
3401,142.432,-36.785583,25
3401,141.94083,-36.881535,25
3401,141.94083,-36.881535,25
3401,141.94083,-36.881535,25
3401,141.94083,-36.881535,25
3401,142.0867,-36.529957,25
3401,141.94083,-36.881535,25
3401,142.34523,-37.030712,25
3401,141.94083,-36.881535,25
3401,141.94083,-36.881535,25
3401,141.94083,-36.881535,25
3402,142.6663,-37.164185,0
3407,141.94836,-37.29806,5
3407,141.94836,-37.29806,5
3407,141.94836,-37.29806,5
3407,141.94836,-37.29806,5
3407,141.94836,-37.29806,5
3409,141.86324,-36.724842,10
3409,141.89348,-36.93658,10
3409,141.71072,-37.038975,10
3409,141.914,-36.606945,10
3409,141.89696,-36.6673,10
3409,141.7462,-36.910007,10
3409,141.64084,-36.859142,10
3409,141.77274,-36.71831,10
3409,141.89696,-36.6673,10
3409,141.9195,-36.847992,10
3409,141.78102,-36.809517,10
3409,141.57028,-37.02197,10
3412,141.36607,-36.658806,5
3413,141.20107,-36.69933,5
3413,141.20107,-36.69933,5
3413,141.20107,-36.69933,5
3413,141.20107,-36.69933,5
3414,142.09389,-36.388626,30
3414,142.09389,-36.388626,30
3414,142.09389,-36.388626,30
3415,141.3397,-36.35246,0
3415,141.3397,-36.35246,0
3418,141.53807,-36.074142,25
3418,141.53807,-36.074142,25
3418,141.53807,-36.074142,25
3418,141.53807,-36.074142,25
3418,141.53807,-36.074142,25
3418,141.53807,-36.074142,25
3418,141.53807,-36.074142,25
3418,141.53807,-36.074142,25
3418,141.53807,-36.074142,25
3418,141.53807,-36.074142,25
3419,141.10193,-36.226013,10
3420,141.01733,-36.41273,5
3420,141.01733,-36.41273,5
3420,141.01733,-36.41273,5
3423,141.94077,-36.13191,10
3423,141.94077,-36.13191,10
3424,141.93088,-35.72779,10
3424,141.93088,-35.72779,10
3424,141.93088,-35.72779,10
3427,144.70798,-37.64346,110
3427,144.70798,-37.64346,110
3428,144.8115,-37.59107,5
3429,144.72897,-37.56762,495
3429,144.72897,-37.56762,495
3430,144.80663,-37.494057,5
3431,144.69202,-37.474552,30
3432,144.79259,-37.448456,0
3433,144.75209,-37.413303,5
3434,144.7508,-37.35388,70
3434,144.7508,-37.35388,70
3434,144.7508,-37.35388,70
3434,144.7508,-37.35388,70
3435,144.74336,-37.179455,35
3435,144.74336,-37.179455,35
3435,144.74336,-37.179455,35
3435,144.74336,-37.179455,35
3437,144.51302,-37.501617,105
3437,144.51302,-37.501617,105
3437,144.51302,-37.501617,105
3438,144.60204,-37.457527,20
3440,144.54616,-37.413376,10
3441,144.6039,-37.399223,5
3442,144.54884,-37.33066,45
3442,144.54884,-37.33066,45
3442,144.54884,-37.33066,45
3442,144.54884,-37.33066,45
3442,144.54884,-37.33066,45
3442,144.54884,-37.33066,45
3442,144.54884,-37.33066,45
3442,144.54884,-37.33066,45
3442,144.54884,-37.33066,45
3442,144.54884,-37.33066,45
3444,144.54472,-37.171787,60
3444,144.54472,-37.171787,60
3444,144.54472,-37.171787,60
3444,144.54472,-37.171787,60
3444,144.54472,-37.171787,60
3444,144.54472,-37.171787,60
3444,144.54472,-37.171787,60
3444,144.54472,-37.171787,60
3444,144.54472,-37.171787,60
3444,144.54472,-37.171787,60
3444,144.54472,-37.171787,60
3444,144.54472,-37.171787,60
3444,144.54472,-37.171787,60
3444,144.54472,-37.171787,60
3444,144.54472,-37.171787,60
3444,144.54472,-37.171787,60
3444,144.54472,-37.171787,60
3444,144.54472,-37.171787,60
3444,144.54472,-37.171787,60
3444,144.54472,-37.171787,60
3444,144.54472,-37.171787,60
3444,144.54472,-37.171787,60
3446,144.37434,-37.18483,10
3446,144.37434,-37.18483,10
3447,144.3225,-37.157745,5
3448,144.38763,-37.075363,5
3448,144.38763,-37.075363,5
3448,144.38763,-37.075363,5
3450,144.2149,-37.061634,80
3450,144.2149,-37.061634,80
3451,144.21419,-37.12534,85
3451,144.21419,-37.12534,85
3451,144.21419,-37.12534,85
3451,144.21419,-37.12534,85
3451,144.21419,-37.12534,85
3451,144.21419,-37.12534,85
3451,144.21419,-37.12534,85
3451,144.21419,-37.12534,85
3451,144.21419,-37.12534,85
3451,144.21419,-37.12534,85
3451,144.21419,-37.12534,85
3451,144.21419,-37.12534,85
3451,144.21419,-37.12534,85
3451,144.21419,-37.12534,85
3451,144.21419,-37.12534,85
3451,144.21419,-37.12534,85
3451,144.21419,-37.12534,85
3453,144.2815,-36.950363,20
3453,144.2815,-36.950363,20
3453,144.2815,-36.950363,20
3453,144.2815,-36.950363,20
3458,144.33472,-37.424114,10
3458,144.33472,-37.424114,10
3458,144.33472,-37.424114,10
3458,144.33472,-37.424114,10
3458,144.33472,-37.424114,10
3458,144.33472,-37.424114,10
3458,144.33472,-37.424114,10
3458,144.33472,-37.424114,10
3458,144.33472,-37.424114,10
3460,144.14421,-37.351704,25
3460,144.14421,-37.351704,25
3461,144.17099,-37.28785,35
3461,144.17099,-37.28785,35
3461,144.17099,-37.28785,35
3461,144.17099,-37.28785,35
3461,144.17099,-37.28785,35
3461,144.17099,-37.28785,35
3461,144.17099,-37.28785,35
3461,144.17099,-37.28785,35
3461,144.17099,-37.28785,35
3461,144.17099,-37.28785,35
3461,144.17099,-37.28785,35
3461,144.17099,-37.28785,35
3461,144.17099,-37.28785,35
3461,144.17099,-37.28785,35
3461,144.17099,-37.28785,35
3461,144.17099,-37.28785,35
3461,144.17099,-37.28785,35
3461,144.17099,-37.28785,35
3461,144.17099,-37.28785,35
3461,144.17099,-37.28785,35
3461,144.17099,-37.28785,35
3461,144.17099,-37.28785,35
3461,144.17099,-37.28785,35
3461,144.17099,-37.28785,35
3461,144.17099,-37.28785,35
3461,144.17099,-37.28785,35
3461,144.17099,-37.28785,35
3461,144.17099,-37.28785,35
3462,144.0536,-37.08356,20
3462,144.0536,-37.08356,20
3462,144.0536,-37.08356,20
3462,144.0536,-37.08356,20
3462,144.0536,-37.08356,20
3462,144.0536,-37.08356,20
3463,144.0565,-36.95798,20
3463,144.0565,-36.95798,20
3463,144.0565,-36.95798,20
3463,144.0565,-36.95798,20
3463,144.09889,-37.02851,20
3463,144.0565,-36.95798,20
3463,144.0565,-36.95798,20
3463,144.0565,-36.95798,20
3463,144.0565,-36.95798,20
3463,144.0565,-36.95798,20
3463,144.0565,-36.95798,20
3463,144.0565,-36.95798,20
3463,144.0565,-36.95798,20
3463,144.0565,-36.95798,20
3463,144.0565,-36.95798,20
3464,143.84142,-37.01981,20
3465,143.61133,-37.021477,235
3465,143.61133,-37.021477,235
3465,143.61133,-37.021477,235
3465,143.61133,-37.021477,235
3465,143.61133,-37.021477,235
3465,143.61133,-37.021477,235
3465,143.61133,-37.021477,235
3465,143.61133,-37.021477,235
3465,143.61133,-37.021477,235
3465,143.61133,-37.021477,235
3465,143.61133,-37.021477,235
3465,143.61133,-37.021477,235
3465,143.61133,-37.021477,235
3465,143.61133,-37.021477,235
3465,143.61133,-37.021477,235
3465,143.61133,-37.021477,235
3465,143.61133,-37.021477,235
3465,143.61133,-37.021477,235
3465,143.61133,-37.021477,235
3465,143.61133,-37.021477,235
3465,143.61133,-37.021477,235
3465,143.61133,-37.021477,235
3465,143.61133,-37.021477,235
3467,143.41267,-37.10599,25
3467,143.41267,-37.10599,25
3468,143.37949,-37.261482,5
3468,143.37949,-37.261482,5
3469,143.28062,-37.172962,5
3469,143.28062,-37.172962,5
3469,143.28062,-37.172962,5
3469,143.28062,-37.172962,5
3469,143.28062,-37.172962,5
3472,143.65764,-36.864952,25
3472,143.65764,-36.864952,25
3472,143.65764,-36.864952,25
3472,143.65764,-36.864952,25
3472,143.65764,-36.864952,25
3472,143.65764,-36.864952,25
3472,143.65764,-36.864952,25
3472,143.65764,-36.864952,25
3472,143.65764,-36.864952,25
3472,143.65764,-36.864952,25
3472,143.65764,-36.864952,25
3475,143.51213,-36.70633,5
3475,143.51213,-36.70633,5
3475,143.51213,-36.70633,5
3475,143.51213,-36.70633,5
3475,143.51213,-36.70633,5
3475,143.51213,-36.70633,5
3475,143.51213,-36.70633,5
3477,143.2307,-36.688553,10
3477,143.2307,-36.688553,10
3477,143.2307,-36.688553,10
3477,143.2307,-36.688553,10
3477,143.2307,-36.688553,10
3477,143.2307,-36.688553,10
3477,143.418,-36.80618,10
3477,143.2307,-36.688553,10
3477,143.2307,-36.688553,10
3477,142.89975,-36.618404,10
3477,143.2307,-36.688553,10
3477,143.2307,-36.688553,10
3477,143.2307,-36.688553,10
3477,143.2307,-36.688553,10
3477,142.95639,-36.656906,10
3477,143.2307,-36.688553,10
3477,143.41267,-37.10599,10
3477,142.7154,-36.988914,10
3477,143.2307,-36.688553,10
3477,142.7154,-36.988914,10
3477,143.2307,-36.688553,10
3477,143.2307,-36.688553,10
3477,143.2307,-36.688553,10
3477,143.2307,-36.688553,10
3477,143.2307,-36.688553,10
3477,143.2307,-36.688553,10
3477,143.2307,-36.688553,10
3477,143.2307,-36.688553,10
3477,142.77116,-37.0666,10
3477,142.91669,-36.587437,10
3478,143.2307,-36.688553,40
3478,143.2307,-36.688553,40
3478,143.2307,-36.688553,40
3478,143.2307,-36.688553,40
3478,143.2307,-36.688553,40
3478,143.2307,-36.688553,40
3478,143.2307,-36.688553,40
3478,143.2307,-36.688553,40
3478,143.2307,-36.688553,40
3478,143.2307,-36.688553,40
3478,143.2307,-36.688553,40
3478,143.2307,-36.688553,40
3478,143.2307,-36.688553,40
3478,143.2307,-36.688553,40
3478,143.2307,-36.688553,40
3478,143.2307,-36.688553,40
3478,143.2307,-36.688553,40
3478,143.2307,-36.688553,40
3478,143.2307,-36.688553,40
3478,143.2307,-36.688553,40
3478,143.2307,-36.688553,40
3478,143.2307,-36.688553,40
3478,143.2307,-36.688553,40
3478,143.2307,-36.688553,40
3478,143.2307,-36.688553,40
3478,143.2307,-36.688553,40
3478,143.2307,-36.688553,40
3478,143.2307,-36.688553,40
3478,143.2307,-36.688553,40
3478,143.2307,-36.688553,40
3478,143.2307,-36.688553,40
3478,143.2307,-36.688553,40
3478,143.2307,-36.688553,40
3478,143.2307,-36.688553,40
3480,142.96806,-36.31227,30
3480,142.96806,-36.31227,30
3480,142.96806,-36.31227,30
3480,142.96806,-36.31227,30
3480,142.96806,-36.31227,30
3480,142.96806,-36.31227,30
3480,142.96806,-36.31227,30
3480,142.96806,-36.31227,30
3480,143.04092,-36.321667,30
3480,143.13835,-36.319023,30
3480,143.06805,-36.262848,30
3480,142.96806,-36.31227,30
3480,142.96806,-36.31227,30
3480,142.96806,-36.31227,30
3480,142.96806,-36.31227,30
3480,142.96806,-36.31227,30
3480,142.96806,-36.31227,30
3480,142.96806,-36.31227,30
3480,142.96806,-36.31227,30
3480,142.96806,-36.31227,30
3480,142.96806,-36.31227,30
3482,142.76659,-36.17028,5
3482,142.76659,-36.17028,5
3482,142.76659,-36.17028,5
3482,142.76659,-36.17028,5
3482,142.76659,-36.17028,5
3483,142.89081,-35.901764,5
3483,142.89081,-35.901764,5
3483,142.89081,-35.901764,5
3483,142.89081,-35.901764,5
3483,142.89081,-35.901764,5
3483,142.89081,-35.901764,5
3483,142.89081,-35.901764,5
3483,142.89081,-35.901764,5
3483,142.89081,-35.901764,5
3483,142.89081,-35.901764,5
3483,142.89081,-35.901764,5
3485,142.67197,-35.711533,5
3485,142.67197,-35.711533,5
3485,142.67197,-35.711533,5
3485,142.67197,-35.711533,5
3487,142.61607,-35.51563,5
3488,142.42712,-35.435635,5
3488,142.45227,-35.470898,5
3488,142.42712,-35.435635,5
3489,142.42531,-35.332478,5
3490,141.48497,-35.621033,20
3490,142.20671,-34.911674,20
3490,142.20671,-34.911674,20
3490,142.62227,-35.154263,20
3490,141.47644,-34.709316,20
3490,142.20671,-34.911674,20
3490,142.20671,-34.911674,20
3490,142.20671,-34.911674,20
3491,142.21828,-35.434097,5
3494,142.34831,-34.486404,10
3494,142.34831,-34.486404,10
3494,142.34831,-34.486404,10
3494,142.34831,-34.486404,10
3496,142.14418,-34.287804,125
3496,141.59262,-34.277725,125
3496,141.5968,-34.089733,125
3496,141.3348,-34.38915,125
3496,141.80196,-34.37018,125
3496,141.59793,-34.192417,125
3496,141.32607,-34.130253,125
3496,142.18799,-34.307095,125
3496,142.18625,-34.286644,125
3496,141.38847,-34.386948,125
3498,142.17252,-34.238384,80
3500,142.15416,-34.1931,825
3500,142.15416,-34.1931,825
3500,142.15416,-34.1931,825
3501,142.10089,-34.24328,15
3501,142.10089,-34.24328,15
3501,142.10089,-34.24328,15
3501,142.10089,-34.24328,15
3501,142.10089,-34.24328,15
3502,145.25835,-37.972885,5
3505,142.0042,-34.18053,105
3505,142.0042,-34.18053,105
3505,142.0042,-34.18053,105
3505,142.0042,-34.18053,105
3505,142.0042,-34.18053,105
3505,142.0042,-34.18053,105
3505,142.0042,-34.18053,105
3506,141.38588,-35.2042,0
3507,142.03566,-35.120598,0
3509,141.68039,-35.15503,5
3509,141.68039,-35.15503,5
3512,141.12123,-35.39199,5
3512,141.12123,-35.39199,5
3512,141.0201,-35.120995,5
3515,144.06291,-36.729443,30
3515,144.06369,-36.84709,30
3515,144.06291,-36.729443,30
3516,144.04172,-36.607616,5
3516,144.04172,-36.607616,5
3516,144.04172,-36.607616,5
3516,144.04172,-36.607616,5
3516,144.04172,-36.607616,5
3516,144.04172,-36.607616,5
3517,143.88683,-36.483116,25
3517,143.88683,-36.483116,25
3517,143.88683,-36.483116,25
3517,143.88683,-36.483116,25
3517,143.88683,-36.483116,25
3517,143.88683,-36.483116,25
3517,143.88683,-36.483116,25
3517,143.88683,-36.483116,25
3517,143.88683,-36.483116,25
3517,143.88683,-36.483116,25
3517,143.88683,-36.483116,25
3517,143.88683,-36.483116,25
3518,143.58621,-36.474937,15
3518,143.58621,-36.474937,15
3518,143.58621,-36.474937,15
3518,143.58621,-36.474937,15
3518,143.58621,-36.474937,15
3518,143.58621,-36.474937,15
3518,143.58621,-36.474937,15
3518,143.58621,-36.474937,15
3518,143.58621,-36.474937,15
3518,143.58621,-36.474937,15
3518,143.58621,-36.474937,15
3518,143.58621,-36.474937,15
3518,143.58621,-36.474937,15
3518,143.58621,-36.474937,15
3518,143.58621,-36.474937,15
3518,143.58621,-36.474937,15
3520,143.81079,-36.40577,0
3520,143.81079,-36.40577,0
3520,143.81079,-36.40577,0
3521,144.91269,-37.090073,10
3522,144.7472,-37.050037,5
3522,144.70111,-37.073494,5
3522,144.7472,-37.050037,5
3523,144.76836,-36.83746,55
3523,144.76836,-36.83746,55
3523,144.76836,-36.83746,55
3523,144.76836,-36.83746,55
3523,144.76836,-36.83746,55
3523,144.76836,-36.83746,55
3523,144.76836,-36.83746,55
3523,144.76836,-36.83746,55
3523,144.76836,-36.83746,55
3523,144.76836,-36.83746,55
3525,143.36432,-36.2835,10
3525,143.36432,-36.2835,10
3525,143.36432,-36.2835,10
3525,143.12804,-36.168056,10
3525,143.13164,-36.21412,10
3525,143.36432,-36.2835,10
3525,143.36432,-36.2835,10
3525,143.36432,-36.2835,10
3525,143.36432,-36.2835,10
3525,143.36432,-36.2835,10
3525,143.36432,-36.2835,10
3525,143.36432,-36.2835,10
3525,143.36432,-36.2835,10
3525,143.36432,-36.2835,10
3525,143.36432,-36.2835,10
3525,143.36432,-36.2835,10
3525,143.36432,-36.2835,10
3527,143.24133,-36.07096,5
3527,143.24133,-36.07096,5
3527,143.24133,-36.07096,5
3527,143.24133,-36.07096,5
3527,143.45132,-36.001827,5
3527,143.42133,-35.957394,5
3527,143.32402,-36.195084,5
3527,143.22267,-36.196674,5
3527,143.24133,-36.07096,5
3527,143.24133,-36.07096,5
3527,143.24133,-36.07096,5
3527,143.24133,-36.07096,5
3527,143.24133,-36.07096,5
3529,143.23268,-35.82426,0
3529,143.23268,-35.82426,0
3530,143.15274,-35.70144,0
3530,142.97356,-35.732853,0
3530,143.2608,-35.691826,0
3530,143.15274,-35.70144,0
3531,142.94382,-35.61641,5
3531,142.94382,-35.61641,5
3531,142.94382,-35.61641,5
3533,142.83931,-35.384556,10
3533,142.83931,-35.384556,10
3533,142.83931,-35.384556,10
3533,142.7557,-35.53652,10
3533,142.83931,-35.384556,10
3533,142.83931,-35.384556,10
3533,142.83931,-35.384556,10
3533,142.69203,-35.23731,10
3533,142.83931,-35.384556,10
3533,142.57635,-35.379753,10
3533,142.57587,-35.32433,10
3533,142.83931,-35.384556,10
3533,142.83931,-35.384556,10
3537,143.74446,-36.079334,10
3537,143.74446,-36.079334,10
3537,143.74446,-36.079334,10
3537,143.74446,-36.079334,10
3537,143.74446,-36.079334,10
3537,143.74446,-36.079334,10
3537,143.74446,-36.079334,10
3537,143.74446,-36.079334,10
3537,143.74446,-36.079334,10
3540,143.45007,-35.89277,5
3540,143.45007,-35.89277,5
3540,143.45007,-35.89277,5
3540,143.45007,-35.89277,5
3542,143.4064,-35.700787,0
3542,143.4064,-35.700787,0
3542,143.36342,-35.75271,0
3542,143.4064,-35.700787,0
3544,143.17542,-35.517174,5
3544,143.14445,-35.487988,5
3544,143.24112,-35.614365,5
3544,143.11433,-35.574764,5
3544,143.14445,-35.487988,5
3544,143.37415,-35.43231,5
3544,143.14445,-35.487988,5
3546,142.85045,-35.06016,5
3546,142.85045,-35.06016,5
3546,142.85045,-35.06016,5
3546,142.79977,-35.172512,5
3546,142.85045,-35.06016,5
3546,142.85045,-35.06016,5
3546,142.85045,-35.06016,5
3549,142.82097,-34.76605,65
3549,142.82097,-34.76605,65
3549,142.82097,-34.76605,65
3549,142.82097,-34.76605,65
3549,142.82097,-34.76605,65
3549,142.7896,-34.612076,65
3549,142.73068,-34.626247,65
3549,142.75566,-34.636395,65
3549,142.75958,-34.664555,65
3549,142.82097,-34.76605,65
3549,142.94276,-34.822323,65
3549,142.82097,-34.76605,65
3550,144.28526,-36.76427,730
3550,144.28526,-36.76427,730
3550,144.28526,-36.76427,730
3550,144.28526,-36.76427,730
3550,144.28526,-36.76427,730
3550,144.28526,-36.76427,730
3550,144.28526,-36.76427,730
3550,144.28526,-36.76427,730
3550,144.28526,-36.76427,730
3550,144.28526,-36.76427,730
3550,144.28526,-36.76427,730
3550,144.28526,-36.76427,730
3550,144.28526,-36.76427,730
3550,144.28526,-36.76427,730
3550,144.28526,-36.76427,730
3550,144.28526,-36.76427,730
3551,144.45793,-36.78137,455
3551,144.45793,-36.78137,455
3551,144.45793,-36.78137,455
3551,144.45793,-36.78137,455
3551,144.45793,-36.78137,455
3551,144.45793,-36.78137,455
3551,144.45793,-36.78137,455
3551,144.45793,-36.78137,455
3551,144.45793,-36.78137,455
3551,144.64563,-36.59845,455
3551,144.45793,-36.78137,455
3551,144.45793,-36.78137,455
3551,144.45793,-36.78137,455
3551,144.45793,-36.78137,455
3551,144.45793,-36.78137,455
3551,144.45793,-36.78137,455
3551,144.45793,-36.78137,455
3551,144.59822,-36.882824,455
3551,144.45793,-36.78137,455
3551,144.45793,-36.78137,455
3551,144.45793,-36.78137,455
3551,144.45793,-36.78137,455
3551,144.45793,-36.78137,455
3551,144.45793,-36.78137,455
3551,144.45793,-36.78137,455
3551,144.45793,-36.78137,455
3551,144.45793,-36.78137,455
3551,144.45793,-36.78137,455
3551,144.45793,-36.78137,455
3551,144.45793,-36.78137,455
3551,144.40593,-36.936367,455
3551,144.45793,-36.78137,455
3551,144.45793,-36.78137,455
3551,144.45793,-36.78137,455
3551,144.45793,-36.78137,455
3551,144.45793,-36.78137,455
3551,144.45793,-36.78137,455
3551,144.45793,-36.78137,455
3551,144.45793,-36.78137,455
3551,144.45793,-36.78137,455
3551,144.45793,-36.78137,455
3552,145.01192,-37.825287,5
3554,144.279,-36.757,0
3555,144.24524,-36.777225,415
3555,144.24524,-36.777225,415
3555,144.24524,-36.777225,415
3555,144.24524,-36.777225,415
3555,144.24524,-36.777225,415
3555,144.24524,-36.777225,415
3556,144.17828,-36.65642,365
3556,144.17828,-36.65642,365
3556,144.17828,-36.65642,365
3556,144.17828,-36.65642,365
3556,144.17828,-36.65642,365
3556,144.17828,-36.65642,365
3556,144.17828,-36.65642,365
3556,144.17828,-36.65642,365
3556,144.17828,-36.65642,365
3556,144.17828,-36.65642,365
3556,144.17828,-36.65642,365
3557,144.57678,-36.63511,15
3557,144.57678,-36.63511,15
3557,144.57678,-36.63511,15
3557,144.57678,-36.63511,15
3557,144.57678,-36.63511,15
3558,144.63837,-36.51553,15
3558,144.63837,-36.51553,15
3558,144.63837,-36.51553,15
3558,144.63837,-36.51553,15
3558,144.63837,-36.51553,15
3558,144.67024,-36.54453,15
3559,144.80531,-36.570076,5
3559,144.83173,-36.530025,5
3559,144.80531,-36.570076,5
3559,144.80531,-36.570076,5
3559,144.87126,-36.677696,5
3559,144.80531,-36.570076,5
3559,144.80531,-36.570076,5
3559,144.80531,-36.570076,5
3561,144.70955,-36.32111,60
3561,144.70955,-36.32111,60
3561,144.70955,-36.32111,60
3561,144.7182,-36.405266,60
3561,144.70955,-36.32111,60
3561,144.70955,-36.32111,60
3561,144.70955,-36.32111,60
3561,144.70955,-36.32111,60
3561,144.70955,-36.32111,60
3561,144.70955,-36.32111,60
3561,144.70955,-36.32111,60
3561,144.70955,-36.32111,60
3562,144.46275,-36.062546,5
3563,144.5156,-36.256252,15
3564,144.60141,-36.180965,310
3564,144.7288,-36.169,310
3564,144.7288,-36.169,310
3564,144.7288,-36.169,310
3564,144.7288,-36.169,310
3564,144.7288,-36.169,310
3564,144.7288,-36.169,310
3564,144.7288,-36.169,310
3564,144.7288,-36.169,310
3564,144.7288,-36.169,310
3564,144.7288,-36.169,310
3564,144.7288,-36.169,310
3564,144.7288,-36.169,310
3564,144.7288,-36.169,310
3565,144.51172,-36.182335,5
3566,144.38333,-35.945747,10
3567,144.26294,-35.931667,10
3567,144.26294,-35.931667,10
3568,144.18408,-35.809464,30
3568,144.18408,-35.809464,30
3568,144.18408,-35.809464,30
3568,144.18408,-35.809464,30
3568,144.18408,-35.809464,30
3568,144.18408,-35.809464,30
3568,144.18408,-35.809464,30
3568,144.18408,-35.809464,30
3568,144.18408,-35.809464,30
3568,144.18408,-35.809464,30
3568,144.18408,-35.809464,30
3570,144.28053,-36.515305,10
3570,144.28053,-36.515305,10
3570,144.28053,-36.515305,10
3570,144.28053,-36.515305,10
3570,144.28053,-36.515305,10
3570,144.28053,-36.515305,10
3571,144.20686,-36.36819,5
3571,144.20686,-36.36819,5
3571,144.20686,-36.36819,5
3571,144.20686,-36.36819,5
3571,144.20686,-36.36819,5
3572,144.25714,-36.266644,0
3572,144.25714,-36.266644,0
3572,144.25714,-36.266644,0
3572,144.25714,-36.266644,0
3573,144.29796,-36.164864,5
3573,144.29796,-36.164864,5
3573,144.29796,-36.164864,5
3573,144.29796,-36.164864,5
3573,144.29796,-36.164864,5
3575,144.15903,-36.055725,10
3575,144.15903,-36.055725,10
3575,144.15903,-36.055725,10
3575,144.15903,-36.055725,10
3575,144.15903,-36.055725,10
3575,144.15903,-36.055725,10
3575,144.15903,-36.055725,10
3575,144.15903,-36.055725,10
3575,144.15903,-36.055725,10
3575,144.15903,-36.055725,10
3576,143.91751,-36.12803,0
3579,143.76944,-35.767975,95
3579,143.76944,-35.767975,95
3579,143.76944,-35.767975,95
3579,143.62505,-35.62577,95
3579,143.76944,-35.767975,95
3579,143.76944,-35.767975,95
3579,143.76944,-35.767975,95
3579,143.76944,-35.767975,95
3579,143.76944,-35.767975,95
3579,143.76944,-35.767975,95
3579,143.76944,-35.767975,95
3579,143.76944,-35.767975,95
3579,143.76944,-35.767975,95
3579,143.76944,-35.767975,95
3579,143.76944,-35.767975,95
3579,143.76944,-35.767975,95
3579,143.76944,-35.767975,95
3579,143.76944,-35.767975,95
3579,143.76944,-35.767975,95
3579,143.76944,-35.767975,95
3579,143.76944,-35.767975,95
3579,143.76944,-35.767975,95
3579,143.76944,-35.767975,95
3579,143.76944,-35.767975,95
3579,143.76944,-35.767975,95
3579,143.76944,-35.767975,95
3579,143.76944,-35.767975,95
3579,143.76944,-35.767975,95
3579,143.76944,-35.767975,95
3579,143.76944,-35.767975,95
3580,144.09467,-35.639763,20
3581,143.78522,-35.628334,5
3581,143.78522,-35.628334,5
3583,143.66458,-35.509636,5
3584,143.63762,-35.431026,15
3584,143.63762,-35.431026,15
3585,143.3369,-35.34839,235
3585,143.3369,-35.34839,235
3585,143.3369,-35.34839,235
3585,143.3369,-35.34839,235
3585,143.3369,-35.34839,235
3585,143.3369,-35.34839,235
3585,143.3369,-35.34839,235
3585,143.3369,-35.34839,235
3585,143.3369,-35.34839,235
3585,143.14734,-35.279263,235
3585,143.3369,-35.34839,235
3585,143.3369,-35.34839,235
3585,143.3369,-35.34839,235
3585,143.39804,-35.35617,235
3585,143.3369,-35.34839,235
3586,143.79259,-35.11402,10
3586,143.79259,-35.11402,10
3586,143.79259,-35.11402,10
3586,143.79259,-35.11402,10
3586,143.79259,-35.11402,10
3586,143.79259,-35.11402,10
3586,143.79259,-35.11402,10
3588,143.47032,-35.29429,5
3589,143.44125,-35.228436,5
3589,143.44125,-35.228436,5
3590,143.49353,-35.235706,5
3591,143.39409,-35.20221,0
3594,143.34602,-35.138157,10
3595,143.35168,-35.20275,20
3596,143.32768,-35.123806,5
3596,143.32768,-35.123806,5
3596,143.32768,-35.123806,5
3597,143.18979,-34.96536,5
3597,143.18979,-34.96536,5
3597,143.18979,-34.96536,5
3597,143.18979,-34.96536,5
3597,143.18979,-34.96536,5
3597,143.18979,-34.96536,5
3599,143.14323,-34.72974,5
3607,145.17976,-36.839706,0
3608,145.09575,-36.74071,40
3608,145.09575,-36.74071,40
3608,145.09575,-36.74071,40
3608,145.09575,-36.74071,40
3608,145.09575,-36.74071,40
3608,145.09575,-36.74071,40
3608,145.09575,-36.74071,40
3608,145.09575,-36.74071,40
3610,145.22935,-36.57763,20
3610,145.22935,-36.57763,20
3610,145.22935,-36.57763,20
3610,145.22935,-36.57763,20
3610,145.22935,-36.57763,20
3612,145.01932,-36.575935,30
3612,145.01932,-36.575935,30
3612,145.01932,-36.575935,30
3612,145.01932,-36.575935,30
3612,145.0912,-36.54807,30
3612,145.01932,-36.575935,30
3614,145.30098,-36.479195,5
3614,145.26889,-36.4836,5
3616,145.14522,-36.46412,85
3616,145.14522,-36.46412,85
3616,145.14522,-36.46412,85
3616,145.14522,-36.46412,85
3616,145.14522,-36.46412,85
3616,145.14522,-36.46412,85
3616,145.14522,-36.46412,85
3616,145.14522,-36.46412,85
3616,145.06831,-36.491764,85
3617,145.17838,-36.423824,0
3618,145.12502,-36.37708,15
3619,144.9363,-37.659565,5
3620,145.08273,-36.284584,135
3620,145.08578,-36.38493,135
3620,145.08273,-36.284584,135
3620,145.08273,-36.284584,135
3620,145.08273,-36.284584,135
3620,145.08273,-36.284584,135
3620,145.08273,-36.284584,135
3620,145.08273,-36.284584,135
3621,144.96118,-36.206055,40
3621,144.96118,-36.206055,40
3621,144.96118,-36.206055,40
3621,145.00557,-36.280716,40
3621,144.96118,-36.206055,40
3621,144.96118,-36.206055,40
3622,144.87573,-36.23196,5
3622,144.87573,-36.23196,5
3622,144.87573,-36.23196,5
3623,144.9768,-36.46138,10
3623,144.9768,-36.46138,10
3623,144.9768,-36.46138,10
3624,144.96576,-36.410187,25
3629,145.26065,-36.287308,285
3629,145.26065,-36.287308,285
3629,145.26065,-36.287308,285
3629,145.26065,-36.287308,285
3629,145.26065,-36.287308,285
3630,145.40318,-36.38085,720
3630,145.40318,-36.38085,720
3630,145.40318,-36.38085,720
3630,145.40318,-36.38085,720
3630,145.40318,-36.38085,720
3630,145.40318,-36.38085,720
3630,145.40318,-36.38085,720
3631,145.52669,-36.428696,165
3631,145.52669,-36.428696,165
3631,145.52669,-36.428696,165
3631,145.52669,-36.428696,165
3631,145.52669,-36.428696,165
3631,145.52669,-36.428696,165
3631,145.52669,-36.428696,165
3631,145.52669,-36.428696,165
3631,145.52669,-36.428696,165
3631,145.52669,-36.428696,165
3631,145.52669,-36.428696,165
3631,145.52669,-36.428696,165
3631,145.52669,-36.428696,165
3631,145.52669,-36.428696,165
3631,145.52669,-36.428696,165
3631,145.52669,-36.428696,165
3632,145.60324,-36.54446,5
3633,145.46297,-36.307938,10
3634,145.4403,-36.224186,20
3634,145.4403,-36.224186,20
3634,145.4403,-36.224186,20
3634,145.4403,-36.224186,20
3634,145.4403,-36.224186,20
3634,145.4403,-36.224186,20
3634,145.4403,-36.224186,20
3634,145.4403,-36.224186,20
3635,145.30827,-36.142597,15
3635,145.30827,-36.142597,15
3635,145.30827,-36.142597,15
3636,145.47948,-36.09388,105
3636,145.47948,-36.09388,105
3636,145.47948,-36.09388,105
3636,145.47948,-36.09388,105
3637,145.32903,-36.050686,10
3637,145.32903,-36.050686,10
3638,145.24657,-36.03202,20
3638,145.24657,-36.03202,20
3638,145.24657,-36.03202,20
3639,145.04726,-36.021294,10
3639,145.04726,-36.021294,10
3639,145.04726,-36.021294,10
3639,145.04726,-36.021294,10
3640,145.48601,-36.00978,15
3641,145.4283,-35.89718,20
3641,145.4283,-35.89718,20
3641,145.4283,-35.89718,20
3641,145.4283,-35.89718,20
3643,145.63187,-35.955364,5
3644,145.63268,-35.945354,155
3644,145.63268,-35.945354,155
3644,145.63268,-35.945354,155
3644,145.63268,-35.945354,155
3644,145.63268,-35.945354,155
3646,145.70404,-36.247444,10
3646,145.70404,-36.247444,10
3646,145.70404,-36.247444,10
3646,145.7669,-36.244915,10
3646,145.70404,-36.247444,10
3646,145.70404,-36.247444,10
3646,145.70404,-36.247444,10
3646,145.70404,-36.247444,10
3647,145.70447,-36.38533,0
3649,145.68867,-36.082664,10
3649,145.68867,-36.082664,10
3658,145.11185,-37.2414,105
3658,145.15747,-37.3567,105
3658,145.11185,-37.2414,105
3658,145.11185,-37.2414,105
3658,145.11185,-37.2414,105
3658,145.11185,-37.2414,105
3658,145.0277,-37.1284,105
3658,145.11185,-37.2414,105
3658,145.11185,-37.2414,105
3658,145.11185,-37.2414,105
3659,145.07088,-37.110344,5
3659,145.07088,-37.110344,5
3660,145.25787,-37.035927,170
3660,145.25787,-37.035927,170
3660,145.25787,-37.035927,170
3660,145.25787,-37.035927,170
3660,145.04578,-37.037045,170
3660,145.25787,-37.035927,170
3660,145.25787,-37.035927,170
3660,145.25787,-37.035927,170
3660,145.25787,-37.035927,170
3660,145.25787,-37.035927,170
3660,145.25787,-37.035927,170
3660,145.25787,-37.035927,170
3661,146.53534,-38.19599,0
3662,144.94865,-36.93565,5
3662,144.96022,-36.939205,5
3663,145.15886,-36.910877,5
3664,145.2982,-36.92725,10
3664,145.40346,-36.89548,10
3665,145.35762,-36.84409,5
3665,145.35762,-36.84409,5
3665,145.35762,-36.84409,5
3666,145.5655,-36.786777,45
3666,145.5655,-36.786777,45
3666,145.5655,-36.786777,45
3666,145.5655,-36.786777,45
3666,145.5655,-36.786777,45
3666,145.5655,-36.786777,45
3666,145.5655,-36.786777,45
3666,145.45595,-36.838234,45
3666,145.5655,-36.786777,45
3666,145.5655,-36.786777,45
3666,145.5655,-36.786777,45
3666,145.38257,-36.732075,45
3666,145.5655,-36.786777,45
3666,145.5655,-36.786777,45
3666,145.5655,-36.786777,45
3666,145.5655,-36.786777,45
3666,145.5655,-36.786777,45
3669,145.70866,-36.62533,15
3669,145.70866,-36.62533,15
3669,145.70866,-36.62533,15
3669,145.70866,-36.62533,15
3669,145.70866,-36.62533,15
3669,145.70866,-36.62533,15
3669,145.70866,-36.62533,15
3669,145.70866,-36.62533,15
3669,145.70866,-36.62533,15
3669,145.80032,-36.49668,15
3669,145.70866,-36.62533,15
3670,145.85245,-36.62375,5
3670,145.85245,-36.62375,5
3670,145.85245,-36.62375,5
3671,145.42068,-36.385143,5
3672,145.97777,-36.554935,220
3672,145.97777,-36.554935,220
3673,146.06252,-36.66993,15
3673,146.06252,-36.66993,15
3673,146.06252,-36.66993,15
3673,146.06252,-36.66993,15
3673,146.06252,-36.66993,15
3673,146.06252,-36.66993,15
3673,146.06252,-36.66993,15
3673,146.06252,-36.66993,15
3673,146.06252,-36.66993,15
3673,146.06252,-36.66993,15
3673,146.06252,-36.66993,15
3673,146.06252,-36.66993,15
3673,146.06252,-36.66993,15
3673,146.06252,-36.66993,15
3673,146.06252,-36.66993,15
3673,146.06252,-36.66993,15
3673,146.06252,-36.66993,15
3673,146.06252,-36.66993,15
3673,146.06252,-36.66993,15
3675,146.26683,-36.56508,15
3675,146.26683,-36.56508,15
3675,146.26683,-36.56508,15
3675,146.26683,-36.56508,15
3675,146.26683,-36.56508,15
3675,146.26683,-36.56508,15
3675,146.26683,-36.56508,15
3675,146.26683,-36.56508,15
3675,146.26683,-36.56508,15
3675,146.26683,-36.56508,15
3676,146.33861,-36.341244,5
3677,146.33057,-36.358017,335
3677,146.33057,-36.358017,335
3677,146.33057,-36.358017,335
3677,146.33057,-36.358017,335
3678,146.48244,-36.68892,35
3678,146.48244,-36.68892,35
3678,146.48244,-36.68892,35
3678,146.48244,-36.68892,35
3678,146.48244,-36.68892,35
3678,146.48244,-36.68892,35
3678,146.48244,-36.68892,35
3678,146.48244,-36.68892,35
3678,146.48244,-36.68892,35
3678,146.48244,-36.68892,35
3678,146.48244,-36.68892,35
3678,146.48244,-36.68892,35
3678,146.48244,-36.68892,35
3678,146.48244,-36.68892,35
3678,146.48244,-36.68892,35
3678,146.48244,-36.68892,35
3678,146.48244,-36.68892,35
3678,146.48244,-36.68892,35
3678,146.48244,-36.68892,35
3678,146.48244,-36.68892,35
3678,146.48244,-36.68892,35
3678,146.48244,-36.68892,35
3678,146.48244,-36.68892,35
3678,146.48244,-36.68892,35
3678,146.48244,-36.68892,35
3678,146.48244,-36.68892,35
3678,146.48244,-36.68892,35
3678,146.48244,-36.68892,35
3678,146.48244,-36.68892,35
3678,146.48244,-36.68892,35
3678,146.48244,-36.68892,35
3678,146.48244,-36.68892,35
3678,146.48244,-36.68892,35
3678,146.48244,-36.68892,35
3678,146.48244,-36.68892,35
3682,146.42865,-36.17427,5
3682,146.42865,-36.17427,5
3682,146.42865,-36.17427,5
3682,146.42865,-36.17427,5
3683,146.60463,-36.180786,20
3683,146.60463,-36.180786,20
3683,146.60463,-36.180786,20
3683,146.60463,-36.180786,20
3685,146.47064,-36.05645,35
3685,146.47064,-36.05645,35
3685,146.47064,-36.05645,35
3685,146.48482,-36.009136,35
3685,146.47064,-36.05645,35
3685,146.47064,-36.05645,35
3685,146.47064,-36.05645,35
3685,146.47064,-36.05645,35
3685,146.47064,-36.05645,35
3685,146.47064,-36.05645,35
3685,146.47064,-36.05645,35
3687,146.41592,-36.018772,20
3687,146.41592,-36.018772,20
3688,146.7172,-36.119194,15
3688,146.7172,-36.119194,15
3688,146.7172,-36.119194,15
3688,146.7172,-36.119194,15
3689,144.98979,-37.67576,5
3690,146.86436,-36.135715,775
3690,146.86436,-36.135715,775
3690,146.86436,-36.135715,775
3691,147.881,-36.027153,125
3691,146.93076,-36.135914,125
3691,147.881,-36.027153,125
3691,146.74803,-36.08709,125
3691,147.881,-36.027153,125
3691,147.881,-36.027153,125
3691,147.881,-36.027153,125
3691,147.881,-36.027153,125
3691,147.881,-36.027153,125
3691,147.881,-36.027153,125
3691,147.881,-36.027153,125
3691,147.881,-36.027153,125
3691,147.881,-36.027153,125
3691,147.881,-36.027153,125
3691,147.881,-36.027153,125
3691,147.881,-36.027153,125
3691,147.881,-36.027153,125
3691,147.881,-36.027153,125
3691,147.881,-36.027153,125
3691,147.881,-36.027153,125
3691,147.881,-36.027153,125
3691,147.02841,-36.428806,125
3691,147.881,-36.027153,125
3691,147.881,-36.027153,125
3691,147.881,-36.027153,125
3691,147.881,-36.027153,125
3691,147.881,-36.027153,125
3691,147.881,-36.027153,125
3691,147.881,-36.027153,125
3691,146.90913,-36.32063,125
3691,147.881,-36.027153,125
3691,147.881,-36.027153,125
3691,147.881,-36.027153,125
3691,147.881,-36.027153,125
3691,147.881,-36.027153,125
3691,147.881,-36.027153,125
3691,147.881,-36.027153,125
3694,146.9195,-36.150677,0
3694,146.9195,-36.150677,0
3695,147.12367,-36.304283,5
3695,147.12367,-36.304283,5
3695,147.12367,-36.304283,5
3695,147.12367,-36.304283,5
3697,147.17924,-36.68753,5
3698,147.14948,-36.722034,5
3699,147.29926,-36.844307,10
3699,147.29926,-36.844307,10
3699,147.29926,-36.844307,10
3699,147.36562,-36.833908,10
3700,147.35527,-36.3359,15
3700,147.25815,-36.15063,15
3700,147.35527,-36.3359,15
3700,147.35527,-36.3359,15
3700,147.35527,-36.3359,15
3701,147.47682,-36.638767,10
3701,147.47682,-36.638767,10
3701,147.47682,-36.638767,10
3701,147.47682,-36.638767,10
3701,147.47682,-36.638767,10
3701,147.47682,-36.638767,10
3701,147.24995,-36.20194,10
3701,147.47682,-36.638767,10
3701,147.2207,-36.401325,10
3701,147.28157,-36.32414,10
3701,147.47682,-36.638767,10
3704,147.49344,-36.132614,0
3705,147.76991,-36.322884,5
3705,147.76991,-36.322884,5
3707,148.03796,-36.586315,15
3707,148.03796,-36.586315,15
3707,148.03796,-36.586315,15
3707,147.92862,-36.582382,15
3707,148.03796,-36.586315,15
3707,148.08058,-36.59562,15
3707,148.03796,-36.586315,15
3707,148.03796,-36.586315,15
3708,147.94206,-36.070927,0
3709,147.66737,-36.035908,5
3709,147.66737,-36.035908,5
3709,147.6313,-36.00068,5
3709,147.83276,-36.011894,5
3709,147.66737,-36.035908,5
3711,145.68216,-37.41047,5
3712,145.83905,-37.3209,5
3712,145.83905,-37.3209,5
3713,145.90623,-37.241528,15
3713,145.90623,-37.241528,15
3713,145.88022,-37.207947,15
3714,145.68788,-37.210537,40
3714,145.68788,-37.210537,40
3714,145.68788,-37.210537,40
3714,145.68788,-37.210537,40
3714,145.80602,-37.188972,40
3714,145.68788,-37.210537,40
3714,145.68788,-37.210537,40
3714,145.7781,-37.13113,40
3714,145.68788,-37.210537,40
3714,145.61966,-37.218933,40
3715,145.73943,-36.98575,5
3715,145.73943,-36.98575,5
3715,145.73943,-36.98575,5
3717,145.43578,-37.28661,40
3717,145.43578,-37.28661,40
3717,145.43578,-37.28661,40
3717,145.43578,-37.28661,40
3717,145.43578,-37.28661,40
3717,145.43578,-37.28661,40
3717,145.43578,-37.28661,40
3717,145.43578,-37.28661,40
3718,145.54095,-37.144066,0
3719,145.60849,-37.041214,5
3719,145.60849,-37.041214,5
3719,145.60849,-37.041214,5
3719,145.60849,-37.041214,5
3720,145.85031,-37.017242,10
3722,146.25327,-37.202633,70
3722,146.25327,-37.202633,70
3722,146.25327,-37.202633,70
3723,146.2565,-36.894466,25
3723,146.2565,-36.894466,25
3723,146.2565,-36.894466,25
3723,146.2565,-36.894466,25
3723,146.2565,-36.894466,25
3723,146.11862,-37.41855,25
3723,146.2565,-36.894466,25
3723,146.2565,-36.894466,25
3723,146.2565,-36.894466,25
3723,146.2565,-36.894466,25
3723,146.2565,-36.894466,25
3723,146.2565,-36.894466,25
3723,146.2565,-36.894466,25
3723,146.2565,-36.894466,25
3723,146.25948,-37.42571,25
3723,146.2565,-36.894466,25
3723,146.2565,-36.894466,25
3723,146.2565,-36.894466,25
3723,146.2565,-36.894466,25
3723,146.2565,-36.894466,25
3723,146.2565,-36.894466,25
3723,146.2565,-36.894466,25
3723,146.2565,-36.894466,25
3723,146.2565,-36.894466,25
3723,146.2565,-36.894466,25
3723,146.2565,-36.894466,25
3724,146.07683,-37.05311,0
3725,145.93733,-36.41436,5
3725,145.93733,-36.41436,5
3725,145.93733,-36.41436,5
3725,145.93733,-36.41436,5
3725,145.93733,-36.41436,5
3726,145.9602,-36.332253,5
3726,145.9602,-36.332253,5
3726,145.9602,-36.332253,5
3726,145.9602,-36.332253,5
3727,145.95778,-36.242443,5
3727,145.95778,-36.242443,5
3727,145.95778,-36.242443,5
3727,145.95778,-36.242443,5
3727,145.95778,-36.242443,5
3727,145.95778,-36.242443,5
3728,145.95901,-36.148922,15
3728,145.95901,-36.148922,15
3728,145.95901,-36.148922,15
3728,145.95901,-36.148922,15
3730,145.97476,-36.05178,150
3730,145.97476,-36.05178,150
3730,145.97476,-36.05178,150
3730,145.97476,-36.05178,150
3730,145.88274,-36.00973,150
3730,145.85669,-36.073185,150
3730,145.97476,-36.05178,150
3730,145.97476,-36.05178,150
3730,145.97476,-36.05178,150
3730,145.97476,-36.05178,150
3732,146.31375,-36.686813,5
3732,146.31375,-36.686813,5
3733,146.31635,-36.812088,5
3735,146.60358,-36.515713,5
3735,146.60358,-36.515713,5
3735,146.60358,-36.515713,5
3735,146.60358,-36.515713,5
3736,146.47949,-36.455135,0
3737,146.82759,-36.554035,55
3737,146.82759,-36.554035,55
3737,146.82759,-36.554035,55
3737,146.82759,-36.554035,55
3737,146.82759,-36.554035,55
3737,146.89676,-36.623196,55
3737,146.82759,-36.554035,55
3737,146.82759,-36.554035,55
3737,146.82759,-36.554035,55
3737,146.82759,-36.554035,55
3737,146.82759,-36.554035,55
3737,146.82759,-36.554035,55
3737,146.82759,-36.554035,55
3737,146.9999,-37.067135,55
3737,146.81567,-37.13824,55
3738,146.75397,-36.58792,5
3739,146.8642,-36.641014,5
3740,146.83456,-36.731686,5
3740,146.83456,-36.731686,5
3740,146.83456,-36.731686,5
3741,147.06316,-36.962315,15
3741,147.06316,-36.962315,15
3741,147.06316,-36.962315,15
3741,147.06316,-36.962315,15
3741,147.06316,-36.962315,15
3741,147.06316,-36.962315,15
3741,147.06316,-36.962315,15
3744,146.9598,-36.78848,0
3746,146.51767,-36.31396,5
3747,146.72571,-36.361057,35
3747,146.72571,-36.361057,35
3747,146.72571,-36.361057,35
3747,146.72571,-36.361057,35
3747,146.72571,-36.361057,35
3747,146.72571,-36.361057,35
3747,146.72571,-36.361057,35
3747,146.72571,-36.361057,35
3749,146.86382,-36.42031,15
3749,146.84207,-36.3574,15
3750,145.00558,-37.596077,420
3751,145.0529,-37.554653,5
3752,145.07436,-37.619102,240
3752,145.07436,-37.619102,240
3753,144.95952,-37.476475,205
3754,145.11299,-37.593555,620
3754,145.11299,-37.593555,620
3755,145.14203,-37.563904,5
3756,144.95663,-37.41233,425
3756,144.95663,-37.41233,425
3756,144.95663,-37.41233,425
3756,144.95663,-37.41233,425
3756,144.95663,-37.41233,425
3756,144.95663,-37.41233,425
3757,145.18222,-37.469784,95
3757,145.18222,-37.469784,95
3757,145.18222,-37.469784,95
3757,145.18222,-37.469784,95
3757,145.18222,-37.469784,95
3757,145.18222,-37.469784,95
3757,145.18222,-37.469784,95
3758,145.05255,-37.35465,20
3758,145.05255,-37.35465,20
3759,145.24728,-37.650387,5
3760,145.28835,-37.627,5
3761,145.29237,-37.585625,10
3762,144.9367,-37.35414,0
3763,145.35338,-37.521862,15
3763,145.35338,-37.521862,15
3764,144.90065,-37.263737,175
3764,144.90065,-37.263737,175
3764,144.90065,-37.263737,175
3764,144.90065,-37.263737,175
3764,144.90065,-37.263737,175
3764,144.90065,-37.263737,175
3764,144.90065,-37.263737,175
3764,144.90065,-37.263737,175
3765,145.34662,-37.81477,35
3766,145.38495,-37.817818,10
3767,145.3475,-37.839386,5
3770,145.416,-37.708782,20
3770,145.416,-37.708782,20
3770,145.416,-37.708782,20
3775,145.366,-37.642853,20
3775,145.366,-37.642853,20
3775,145.366,-37.642853,20
3775,145.366,-37.642853,20
3775,145.366,-37.642853,20
3777,145.51381,-37.606087,120
3777,145.51381,-37.606087,120
3777,145.51381,-37.606087,120
3777,145.51381,-37.606087,120
3777,145.51381,-37.606087,120
3777,145.51381,-37.606087,120
3777,145.51381,-37.606087,120
3777,145.51381,-37.606087,120
3778,145.62302,-37.53749,5
3778,145.62302,-37.53749,5
3779,145.78474,-37.53927,5
3779,145.78474,-37.53927,5
3781,145.48787,-37.938473,50
3781,145.48787,-37.938473,50
3781,145.48787,-37.938473,50
3782,145.43303,-37.93807,50
3782,145.43303,-37.93807,50
3782,145.43303,-37.93807,50
3782,145.43303,-37.93807,50
3783,145.59657,-37.94738,20
3785,145.31673,-37.88514,0
3786,145.33243,-37.87819,5
3787,145.35089,-37.866787,5
3787,145.35089,-37.866787,5
3788,145.37712,-37.848038,5
3789,145.35733,-37.889767,0
3791,145.37962,-37.896915,5
3792,145.4054,-37.89424,10
3793,145.42972,-37.874535,35
3795,145.43031,-37.836662,10
3796,145.38492,-37.786976,75
3797,145.78635,-37.86781,70
3797,145.78635,-37.86781,70
3797,145.78635,-37.86781,70
3797,145.78635,-37.86781,70
3797,145.78635,-37.86781,70
3799,145.81851,-37.727566,95
3799,145.81851,-37.727566,95
3799,145.81851,-37.727566,95
3799,145.81851,-37.727566,95
3799,145.81851,-37.727566,95
3799,145.81851,-37.727566,95
3799,145.81851,-37.727566,95
3800,145.13493,-37.910545,5
3802,145.2556,-37.971764,230
3803,145.26552,-38.009434,135
3804,145.32599,-37.98006,30
3804,145.32599,-37.98006,30
3805,145.3042,-38.037025,620
3805,145.3042,-38.037025,620
3805,145.3042,-38.037025,620
3806,145.34949,-38.025017,500
3806,145.34949,-38.025017,500
3807,145.37163,-38.048317,70
3807,145.37163,-38.048317,70
3808,145.42326,-38.002518,10
3808,145.42326,-38.002518,10
3809,145.40689,-38.069096,290
3809,145.40689,-38.069096,290
3810,145.47252,-38.04658,1085
3810,145.47252,-38.04658,1085
3810,145.47252,-38.04658,1085
3810,145.47252,-38.04658,1085
3812,145.5653,-38.070133,30
3812,145.5653,-38.070133,30
3812,145.5653,-38.070133,30
3813,145.63434,-38.06425,10
3813,145.63434,-38.06425,10
3814,145.66911,-38.10718,30
3814,145.66911,-38.10718,30
3814,145.66911,-38.10718,30
3814,145.66911,-38.10718,30
3815,145.72632,-38.01378,30
3815,145.72632,-38.01378,30
3815,145.72632,-38.01378,30
3815,145.72632,-38.01378,30
3816,145.788,-38.04354,60
3816,145.788,-38.04354,60
3816,145.788,-38.04354,60
3816,145.788,-38.04354,60
3818,145.86734,-38.09629,305
3818,145.86734,-38.09629,305
3818,145.86734,-38.09629,305
3818,145.86734,-38.09629,305
3818,145.86734,-38.09629,305
3818,145.86734,-38.09629,305
3818,145.86734,-38.09629,305
3818,145.86734,-38.09629,305
3818,145.86734,-38.09629,305
3820,145.92221,-38.207478,315
3820,145.92221,-38.207478,315
3820,145.92221,-38.207478,315
3821,145.94522,-37.919937,15
3821,145.9226,-38.08302,15
3821,145.94522,-37.919937,15
3821,145.94522,-37.919937,15
3821,145.94522,-37.919937,15
3821,145.94522,-37.919937,15
3821,145.94522,-37.919937,15
3821,145.94522,-37.919937,15
3821,145.94522,-37.919937,15
3821,145.94522,-37.919937,15
3821,145.94522,-37.919937,15
3821,145.94522,-37.919937,15
3821,145.94522,-37.919937,15
3821,145.94522,-37.919937,15
3821,145.94522,-37.919937,15
3821,145.94522,-37.919937,15
3821,145.94522,-37.919937,15
3821,145.87428,-38.257835,15
3821,145.94522,-37.919937,15
3821,145.94522,-37.919937,15
3822,145.9899,-38.194378,10
3822,145.9899,-38.194378,10
3822,145.9899,-38.194378,10
3823,146.06566,-38.21038,35
3823,146.06566,-38.21038,35
3823,146.06566,-38.21038,35
3824,146.16397,-38.245647,85
3824,146.16397,-38.245647,85
3824,146.16397,-38.245647,85
3824,146.16397,-38.245647,85
3824,146.16397,-38.245647,85
3824,146.16397,-38.245647,85
3825,146.34293,-37.978863,530
3825,146.34293,-37.978863,530
3825,146.46057,-38.048576,530
3825,146.34293,-37.978863,530
3825,146.34293,-37.978863,530
3825,146.34293,-37.978863,530
3825,146.34293,-37.978863,530
3825,146.34293,-37.978863,530
3825,146.34293,-37.978863,530
3825,146.34293,-37.978863,530
3825,146.34293,-37.978863,530
3825,146.34293,-37.978863,530
3825,146.22888,-37.666225,530
3825,146.34293,-37.978863,530
3825,146.34293,-37.978863,530
3825,146.34293,-37.978863,530
3825,146.34293,-37.978863,530
3825,146.34293,-37.978863,530
3825,146.34293,-37.978863,530
3825,146.34293,-37.978863,530
3825,146.34293,-37.978863,530
3825,146.30865,-38.085617,530
3825,146.34293,-37.978863,530
3825,146.34293,-37.978863,530
3825,146.43935,-37.721245,530
3825,146.34293,-37.978863,530
3825,146.58078,-37.932552,530
3825,146.34293,-37.978863,530
3825,146.34293,-37.978863,530
3825,146.34293,-37.978863,530
3825,146.34293,-37.978863,530
3831,146.01314,-37.99326,25
3831,146.01314,-37.99326,25
3831,146.01314,-37.99326,25
3832,145.94522,-37.919937,5
3832,145.94522,-37.919937,5
3832,145.94522,-37.919937,5
3833,145.85187,-37.84222,5
3833,146.07788,-37.829346,5
3833,146.07788,-37.829346,5
3833,145.83662,-37.938404,5
3833,146.07788,-37.829346,5
3833,146.07788,-37.829346,5
3833,146.07788,-37.829346,5
3833,146.07788,-37.829346,5
3833,146.07788,-37.829346,5
3833,146.07788,-37.829346,5
3833,146.07788,-37.829346,5
3833,146.07788,-37.829346,5
3835,146.17528,-38.290638,15
3840,146.42445,-38.245216,515
3840,146.42445,-38.245216,515
3840,146.42445,-38.245216,515
3840,146.42445,-38.245216,515
3840,146.42445,-38.245216,515
3840,146.42445,-38.245216,515
3840,146.42445,-38.245216,515
3840,146.42445,-38.245216,515
3840,146.42445,-38.245216,515
3840,146.42445,-38.245216,515
3840,146.42445,-38.245216,515
3841,147.463,-37.5832,0
3842,146.41435,-38.315453,190
3844,146.6071,-38.316868,585
3844,146.6071,-38.316868,585
3844,146.6071,-38.316868,585
3844,146.60355,-38.380486,585
3844,146.6071,-38.316868,585
3844,146.73912,-38.392345,585
3844,146.8,-38.38123,585
3844,146.6071,-38.316868,585
3844,146.6071,-38.316868,585
3844,146.6071,-38.316868,585
3844,146.6071,-38.316868,585
3844,146.56189,-38.38863,585
3844,146.6071,-38.316868,585
3844,146.6071,-38.316868,585
3844,146.6071,-38.316868,585
3844,146.6071,-38.316868,585
3844,146.6071,-38.316868,585
3847,146.773,-38.166214,40
3847,146.773,-38.166214,40
3847,146.773,-38.166214,40
3847,146.773,-38.166214,40
3847,146.8252,-38.325615,40
3850,147.10619,-38.22419,305
3850,147.10619,-38.22419,305
3850,147.10619,-38.22419,305
3850,147.10619,-38.22419,305
3850,147.10619,-38.22419,305
3851,147.0844,-38.03555,60
3851,147.0844,-38.03555,60
3851,147.0844,-38.03555,60
3851,147.0844,-38.03555,60
3851,147.0844,-38.03555,60
3851,147.0844,-38.03555,60
3851,147.0844,-38.03555,60
3851,147.0844,-38.03555,60
3851,147.0844,-38.03555,60
3851,147.09975,-38.384117,60
3851,147.0844,-38.03555,60
3851,147.0844,-38.03555,60
3851,147.0844,-38.03555,60
3851,147.0844,-38.03555,60
3851,147.0844,-38.03555,60
3851,147.0844,-38.03555,60
3851,147.0844,-38.03555,60
3851,147.0844,-38.03555,60
3851,147.0844,-38.03555,60
3851,147.0844,-38.03555,60
3851,147.0844,-38.03555,60
3851,147.0844,-38.03555,60
3851,147.0844,-38.03555,60
3851,147.0844,-38.03555,60
3851,147.0844,-38.03555,60
3851,147.0844,-38.03555,60
3851,147.0844,-38.03555,60
3852,147.14143,-38.10362,0
3852,147.13435,-38.10673,0
3852,147.13435,-38.10673,0
3853,146.05995,-38.09557,0
3854,146.59688,-38.12413,20
3854,146.59688,-38.12413,20
3854,146.59688,-38.12413,20
3856,146.67221,-38.063908,20
3857,146.6949,-38.018616,5
3858,146.82916,-37.36904,60
3858,146.80983,-37.24481,60
3858,146.77063,-37.490887,60
3858,146.62143,-37.484116,60
3858,146.5761,-37.821754,60
3858,146.5761,-37.821754,60
3858,146.7353,-37.75355,60
3858,146.5761,-37.821754,60
3858,146.62965,-37.69372,60
3858,146.5761,-37.821754,60
3858,146.5761,-37.821754,60
3858,146.68587,-37.206314,60
3858,146.5761,-37.821754,60
3858,146.5761,-37.821754,60
3858,146.62524,-37.35595,60
3858,146.73895,-37.58636,60
3858,146.5761,-37.821754,60
3858,146.5761,-37.821754,60
3858,146.5761,-37.821754,60
3858,146.74197,-37.66889,60
3858,146.56776,-37.82196,60
3859,146.84827,-37.886135,10
3859,146.84827,-37.886135,10
3859,146.84827,-37.886135,10
3859,146.84827,-37.886135,10
3859,146.84827,-37.886135,10
3860,146.80518,-37.57171,140
3860,146.80518,-37.57171,140
3860,146.80518,-37.57171,140
3860,146.80518,-37.57171,140
3860,146.94258,-37.726192,140
3860,146.80518,-37.57171,140
3860,146.825,-37.783897,140
3860,146.93884,-37.489914,140
3860,146.84587,-37.578613,140
3860,146.80518,-37.57171,140
3860,146.80518,-37.57171,140
3860,147.05344,-37.616455,140
3860,146.80518,-37.57171,140
3860,147.04463,-37.697838,140
3860,146.94923,-37.595547,140
3860,146.85124,-37.683514,140
3862,147.13002,-37.553043,65
3862,147.22845,-37.59755,65
3862,147.22845,-37.59755,65
3862,147.18689,-37.399666,65
3862,147.22845,-37.59755,65
3862,147.22845,-37.59755,65
3862,147.22845,-37.59755,65
3862,147.4641,-38.049934,65
3862,147.22845,-37.59755,65
3862,147.22845,-37.59755,65
3862,147.07484,-37.47115,65
3862,147.17046,-37.699192,65
3862,147.22845,-37.59755,65
3862,147.22845,-37.59755,65
3862,147.22845,-37.59755,65
3862,147.22845,-37.59755,65
3862,147.22845,-37.59755,65
3862,147.04512,-37.255646,65
3864,147.3415,-37.860878,5
3864,147.3415,-37.860878,5
3864,147.3415,-37.860878,5
3865,147.45595,-37.79674,5
3869,146.35983,-38.36469,25
3869,146.35983,-38.36469,25
3869,146.35983,-38.36469,25
3870,146.31935,-38.437946,20
3870,146.31935,-38.437946,20
3870,146.31935,-38.437946,20
3870,146.31935,-38.437946,20
3870,146.39928,-38.472298,20
3870,146.31935,-38.437946,20
3870,146.31935,-38.437946,20
3871,146.15886,-38.42207,30
3871,146.15886,-38.42207,30
3871,146.1775,-38.403046,30
3871,146.15886,-38.42207,30
3871,146.15886,-38.42207,30
3871,146.15886,-38.42207,30
3871,146.15886,-38.42207,30
3871,146.15886,-38.42207,30
3871,146.15886,-38.42207,30
3871,146.15886,-38.42207,30
3873,146.70877,-38.298267,5
3874,146.83624,-38.51444,5
3874,146.83624,-38.51444,5
3874,146.83624,-38.51444,5
3874,146.83624,-38.51444,5
3874,146.83624,-38.51444,5
3874,146.83624,-38.51444,5
3875,147.632,-37.82603,390
3875,147.632,-37.949005,390
3875,147.632,-37.82603,390
3875,147.632,-37.82603,390
3875,147.632,-37.82603,390
3875,147.632,-37.82603,390
3875,147.632,-37.82603,390
3875,147.632,-37.82603,390
3875,147.632,-37.82603,390
3875,147.632,-37.812893,390
3875,147.632,-37.82603,390
3875,147.632,-37.82603,390
3875,147.632,-37.82603,390
3875,147.632,-37.82603,390
3875,147.632,-37.82603,390
3875,147.632,-37.82603,390
3875,147.632,-37.82603,390
3875,147.632,-37.82603,390
3875,147.632,-37.82603,390
3875,147.632,-37.82603,390
3875,147.632,-37.82603,390
3875,147.632,-37.444317,390
3875,147.632,-37.82603,390
3875,147.632,-37.82603,390
3875,147.632,-37.82603,390
3875,147.632,-37.82603,390
3875,147.632,-37.55196,390
3875,147.632,-37.82603,390
3875,147.632,-37.82603,390
3875,147.632,-37.82603,390
3875,147.632,-37.82603,390
3875,147.632,-37.308643,390
3875,147.632,-37.82603,390
3875,147.632,-37.82603,390
3875,147.632,-37.82603,390
3878,147.68011,-37.898544,15
3880,147.72739,-37.914726,65
3880,147.72739,-37.914726,65
3880,147.72739,-37.914726,65
3880,147.72739,-37.914726,65
3882,147.76439,-37.812016,25
3885,148.0697,-37.0161,25
3885,148.11852,-37.291805,25
3885,148.11852,-37.291805,25
3885,148.11852,-37.291805,25
3885,148.11852,-37.291805,25
3885,148.11852,-37.291805,25
3885,148.11852,-37.291805,25
3885,148.11852,-37.291805,25
3885,148.11852,-37.291805,25
3885,148.11852,-37.291805,25
3885,148.11852,-37.291805,25
3885,148.11852,-37.291805,25
3885,148.11852,-37.291805,25
3885,148.11852,-37.291805,25
3885,148.11852,-37.291805,25
3885,148.11852,-37.291805,25
3885,148.11852,-37.291805,25
3886,148.42685,-37.770977,5
3887,148.11664,-37.757896,10
3887,148.11664,-37.757896,10
3887,148.11664,-37.757896,10
3888,148.66095,-37.39051,70
3888,148.66095,-37.39051,70
3888,148.66095,-37.39051,70
3888,148.66095,-37.39051,70
3888,148.66095,-37.39051,70
3888,148.66095,-37.39051,70
3888,148.66095,-37.39051,70
3888,148.66095,-37.39051,70
3888,148.47252,-37.05839,70
3888,148.81273,-37.109375,70
3888,148.66095,-37.39051,70
3888,148.66095,-37.39051,70
3888,148.66095,-37.39051,70
3888,148.66095,-37.39051,70
3888,148.66095,-37.39051,70
3888,148.66095,-37.39051,70
3888,148.66095,-37.39051,70
3888,148.66095,-37.39051,70
3888,148.66095,-37.39051,70
3888,148.66095,-37.39051,70
3888,148.66095,-37.39051,70
3888,148.66095,-37.39051,70
3888,148.66095,-37.39051,70
3888,148.66095,-37.39051,70
3888,148.66095,-37.39051,70
3888,148.66095,-37.39051,70
3889,148.87395,-37.61084,5
3889,148.81479,-37.6382,5
3889,148.87395,-37.61084,5
3889,148.87395,-37.61084,5
3889,148.87395,-37.61084,5
3889,148.87395,-37.61084,5
3889,148.87395,-37.61084,5
3889,148.87395,-37.61084,5
3890,149.21721,-37.56649,5
3890,149.21721,-37.56649,5
3890,149.21721,-37.56649,5
3890,149.21721,-37.56649,5
3890,149.21721,-37.56649,5
3890,149.21721,-37.56649,5
3890,149.21721,-37.56649,5
3890,149.21721,-37.56649,5
3891,149.53891,-37.567684,0
3891,149.53891,-37.567684,0
3891,149.53891,-37.567684,0
3891,149.53891,-37.567684,0
3891,149.53891,-37.567684,0
3891,149.53891,-37.567684,0
3891,149.53891,-37.567684,0
3892,149.90987,-37.563774,5
3893,147.86607,-37.49535,0
3893,147.86607,-37.49535,0
3893,147.86607,-37.49535,0
3895,147.88751,-37.37933,5
3895,147.88751,-37.37933,5
3895,147.88751,-37.37933,5
3895,147.88751,-37.37933,5
3895,147.91656,-37.406067,5
3896,147.70796,-37.26467,5
3896,147.70796,-37.26467,5
3896,147.70796,-37.26467,5
3896,147.70796,-37.26467,5
3896,147.70796,-37.26467,5
3898,147.4648,-37.06617,5
3898,147.4648,-37.06617,5
3898,147.4648,-37.06617,5
3898,147.4648,-37.06617,5
3898,147.4648,-37.06617,5
3898,147.4648,-37.06617,5
3898,147.4648,-37.06617,5
3898,147.4648,-37.06617,5
3898,147.4648,-37.06617,5
3898,147.4648,-37.06617,5
3898,147.4648,-37.06617,5
3898,147.61572,-36.94712,5
3898,147.4648,-37.06617,5
3900,147.82614,-36.88053,5
3900,147.82614,-36.88053,5
3900,147.82614,-36.88053,5
3902,147.8149,-37.797043,5
3902,147.8149,-37.797043,5
3903,147.86754,-37.811302,10
3904,147.83937,-37.881042,15
3909,147.97023,-37.821922,180
3909,147.97023,-37.821922,180
3909,147.97023,-37.821922,180
3909,147.97023,-37.821922,180
3909,147.97023,-37.821922,180
3909,147.97023,-37.821922,180
3909,147.97023,-37.821922,180
3909,147.97023,-37.821922,180
3910,145.19833,-38.15637,260
3911,145.16956,-38.196907,40
3911,145.16956,-38.196907,40
3912,145.22737,-38.21799,185
3912,145.22737,-38.21799,185
3913,145.16643,-38.26227,30
3915,145.13663,-38.305805,240
3915,145.13663,-38.305805,240
3916,145.05058,-38.4152,5
3916,145.05058,-38.4152,5
3916,145.05058,-38.4152,5
3918,145.15555,-38.33987,35
3919,145.19978,-38.352325,70
3920,145.19304,-38.38752,0
3920,145.19304,-38.38752,0
3921,145.36874,-38.41571,5
3921,145.36708,-38.419487,5
3921,145.36708,-38.419487,5
3922,145.23198,-38.48218,135
3922,145.23198,-38.48218,135
3922,145.23198,-38.48218,135
3922,145.23198,-38.48218,135
3922,145.23198,-38.48218,135
3922,145.23198,-38.48218,135
3922,145.23198,-38.48218,135
3922,145.23198,-38.48218,135
3922,145.23198,-38.48218,135
3923,145.29362,-38.465553,10
3925,145.37968,-38.528214,50
3925,145.37968,-38.528214,50
3925,145.37968,-38.528214,50
3925,145.37968,-38.528214,50
3926,145.0945,-38.355232,10
3926,145.0945,-38.355232,10
3926,145.0945,-38.355232,10
3926,145.0945,-38.355232,10
3927,145.15327,-38.38337,10
3928,144.97513,-38.40783,5
3929,144.97667,-38.460964,5
3930,145.09375,-38.19502,60
3930,145.09375,-38.19502,60
3931,145.0495,-38.230038,225
3933,145.09698,-38.26117,5
3934,145.0316,-38.2783,105
3936,145.00763,-38.326447,130
3936,145.00763,-38.326447,130
3936,145.00763,-38.326447,130
3937,145.01994,-38.373695,5
3937,145.01994,-38.373695,5
3938,144.93184,-38.35432,35
3939,144.9004,-38.42776,230
3939,144.9004,-38.42776,230
3939,144.9004,-38.42776,230
3939,144.9004,-38.42776,230
3939,144.9004,-38.42776,230
3940,144.87541,-38.37363,85
3940,144.87311,-38.383366,85
3941,144.82721,-38.396076,170
3941,144.82721,-38.396076,170
3941,144.82721,-38.396076,170
3942,144.7683,-38.367874,10
3943,144.7391,-38.345528,5
3944,144.6927,-38.321873,5
3945,145.69705,-38.38158,10
3945,145.69705,-38.38158,10
3945,145.69705,-38.38158,10
3945,145.69705,-38.38158,10
3945,145.69705,-38.38158,10
3946,145.72354,-38.448154,0
3950,145.81294,-38.43522,75
3950,145.81294,-38.43522,75
3950,145.81294,-38.43522,75
3950,145.81294,-38.43522,75
3950,145.81294,-38.43522,75
3951,145.79842,-38.47372,5
3951,145.79842,-38.47372,5
3951,145.79842,-38.47372,5
3951,145.79842,-38.47372,5
3951,145.79842,-38.47372,5
3951,145.79842,-38.47372,5
3951,145.79842,-38.47372,5
3951,145.79842,-38.47372,5
3953,145.99518,-38.46013,90
3953,145.99518,-38.46013,90
3953,145.99518,-38.46013,90
3953,145.99518,-38.46013,90
3953,145.99518,-38.46013,90
3953,145.99518,-38.46013,90
3953,145.99518,-38.46013,90
3953,145.99518,-38.46013,90
3953,145.99518,-38.46013,90
3953,145.99518,-38.46013,90
3953,145.99518,-38.46013,90
3953,145.99518,-38.46013,90
3953,145.99518,-38.46013,90
3953,145.99518,-38.46013,90
3953,146.02046,-38.405067,90
3954,145.93797,-38.55038,5
3956,145.95534,-38.59702,30
3956,145.95534,-38.59702,30
3956,145.95534,-38.59702,30
3956,145.92717,-38.664715,30
3956,145.95534,-38.59702,30
3956,145.95534,-38.59702,30
3956,145.91194,-38.773388,30
3956,145.95534,-38.59702,30
3956,145.95534,-38.59702,30
3956,145.99934,-38.842613,30
3956,145.95534,-38.59702,30
3957,146.12672,-38.589302,0
3957,146.12672,-38.589302,0
3958,145.98706,-38.67384,5
3958,145.98706,-38.67384,5
3959,146.06653,-38.734634,5
3959,146.06653,-38.734634,5
3959,146.06653,-38.734634,5
3959,146.06653,-38.734634,5
3959,146.06653,-38.734634,5
3960,146.36041,-39.140762,15
3960,146.36041,-39.140762,15
3960,146.36041,-39.140762,15
3960,146.36041,-39.140762,15
3960,146.36041,-39.140762,15
3960,146.36041,-39.140762,15
3960,146.36041,-39.140762,15
3960,146.36041,-39.140762,15
3960,146.36041,-39.140762,15
3960,146.36041,-39.140762,15
3960,146.36041,-39.140762,15
3960,146.36041,-39.140762,15
3960,146.36041,-39.140762,15
3960,146.36041,-39.140762,15
3962,146.3598,-38.60357,20
3962,146.3929,-38.5328,20
3962,146.3598,-38.60357,20
3962,146.3598,-38.60357,20
3962,146.3598,-38.60357,20
3962,146.3598,-38.60357,20
3962,146.3598,-38.60357,20
3962,146.3598,-38.60357,20
3964,146.27881,-38.685116,5
3965,146.47214,-38.693436,5
3966,146.43658,-38.63057,10
3966,146.43658,-38.63057,10
3966,146.43658,-38.63057,10
3967,146.50793,-38.64756,5
3971,146.81572,-38.631943,70
3971,146.81572,-38.631943,70
3971,146.81572,-38.631943,70
3971,146.81572,-38.631943,70
3971,146.81572,-38.631943,70
3971,146.81572,-38.631943,70
3971,146.81572,-38.631943,70
3971,146.81572,-38.631943,70
3971,146.81572,-38.631943,70
3971,146.81572,-38.631943,70
3971,146.81572,-38.631943,70
3971,146.81572,-38.631943,70
3971,146.81572,-38.631943,70
3971,146.81572,-38.631943,70
3971,146.81572,-38.631943,70
3971,146.81572,-38.631943,70
3971,146.52376,-38.744762,70
3971,146.81572,-38.631943,70
3971,146.81572,-38.631943,70
3971,146.81572,-38.631943,70
3971,146.81572,-38.631943,70
3971,146.81572,-38.631943,70
3975,145.23111,-38.05354,130
3975,145.23111,-38.05354,130
3976,145.2643,-38.043995,355
3977,145.26952,-38.14664,1790
3977,145.26889,-38.135254,1790
3977,145.26889,-38.135254,1790
3977,145.26889,-38.135254,1790
3977,145.26889,-38.135254,1790
3977,145.26889,-38.135254,1790
3977,145.26889,-38.135254,1790
3977,145.26889,-38.135254,1790
3977,145.26889,-38.135254,1790
3977,145.26889,-38.135254,1790
3977,145.2087,-38.082096,1790
3977,145.26889,-38.135254,1790
3978,145.38461,-38.13501,745
3978,145.38461,-38.13501,745
3978,145.38461,-38.13501,745
3979,145.59128,-38.44818,5
3979,145.59128,-38.44818,5
3979,145.59128,-38.44818,5
3979,145.59128,-38.44818,5
3980,145.35693,-38.20445,40
3980,145.35693,-38.20445,40
3980,145.35693,-38.20445,40
3981,145.575,-38.2073,90
3981,145.575,-38.2073,90
3981,145.575,-38.2073,90
3981,145.575,-38.2073,90
3981,145.575,-38.2073,90
3981,145.575,-38.2073,90
3981,145.575,-38.2073,90
3984,145.56398,-38.31265,130
3984,145.56398,-38.31265,130
3984,145.56398,-38.31265,130
3984,145.56398,-38.31265,130
3984,145.56398,-38.31265,130
3984,145.56398,-38.31265,130
3984,145.56398,-38.31265,130
3984,145.56398,-38.31265,130
3984,145.56398,-38.31265,130
3984,145.56398,-38.31265,130
3984,145.56398,-38.31265,130
3984,145.56398,-38.31265,130
3984,145.56398,-38.31265,130
3987,145.68915,-38.309048,20
3988,145.81186,-38.313446,10
3988,145.81186,-38.313446,10
3988,145.81186,-38.313446,10
3988,145.81186,-38.313446,10
3990,145.50128,-38.4554,5
3991,145.46678,-38.48304,5
3992,145.53432,-38.569134,25
3992,145.53432,-38.569134,25
3992,145.53432,-38.569134,25
3992,145.53432,-38.569134,25
3995,145.6307,-38.57807,200
3995,145.6307,-38.57807,200
3995,145.6307,-38.57807,200
3995,145.6307,-38.57807,200
3995,145.6307,-38.57807,200
3995,145.6307,-38.57807,200
3995,145.6307,-38.57807,200
3995,145.6307,-38.57807,200
3995,145.6307,-38.57807,200
3995,145.6307,-38.57807,200
3995,145.6307,-38.57807,200
3995,145.6307,-38.57807,200
3995,145.6307,-38.57807,200
3995,145.6307,-38.57807,200
3996,145.7456,-38.629562,40
3996,145.7456,-38.629562,40
8002,144.98259,-37.814438,0
8004,145.469,-36.5588,0
8006,144.9593,-37.8097,0
8009,144.96454,-37.8172,0
8011,144.96175,-37.811314,0
8012,144.94804,-37.81472,0
8785,145.20851,-38.016113,5
8785,145.20851,-38.016113,5
