id,suburb
1,Melbourne
2,East Melbourne
3,West Melbourne
4,St Kilda Road Central
5,St Kilda Road Melbourne
6,World Trade Centre
7,South Wharf
8,Southbank
9,Docklands
10,University Of Melbourne
11,Seddon
12,Seddon West
13,Footscray
14,Maidstone
15,Tottenham
16,West Footscray
17,Brooklyn
18,Kingsville
19,Yarraville
20,Yarraville West
21,Newport
22,Spotswood
23,South Kingsville
24,Williamstown North
25,Williamstown
26,Seaholme
27,Altona
28,Braybrook
29,Robinson
30,Sunshine West
31,Albion
32,Glengala
33,Sunshine North
34,Sunshine
35,Albanvale
36,St Albans
37,Kealba
38,Kings Park
39,Deer Park East
40,Ardeer
41,Deer Park
42,Ravenhall
43,Deer Park North
44,Burnside
45,Cairnlea
46,Burnside Heights
47,Caroline Springs
48,Wyndham Vale
49,Mount Cottrell
50,Mambourin
51,Altona North
52,Altona Gate
53,Altona East
54,Laverton North
55,Williams Landing
56,Altona Meadows
57,Laverton
58,Seabrook
59,Truganina
60,Hoppers Crossing
61,Tarneit
62,Point Cook
63,Quandong
64,Werribee
65,Derrimut
66,Cocoroc
67,Werribee South
68,Flemington
69,Kensington
70,Maribyrnong
71,Highpoint City
72,Travancore
73,Ascot Vale
74,Keilor East
75,Avondale Heights
76,Keilor North
77,Keilor
78,Hillside
79,Calder Park
80,Sydenham
81,Taylors Hill
82,Delahey
83,Keilor Downs
84,Watergardens
85,Taylors Lakes
86,Keilor Lodge
87,Moonee Ponds
88,Essendon
89,Aberfeldie
90,Essendon West
91,Strathmore
92,Strathmore Heights
93,Essendon North
94,Essendon Fields
95,Cross Keys
96,Keilor Park
97,Niddrie North
98,Airport West
99,Niddrie
100,Gowanbrae
101,Tullamarine
102,Gladstone Park
103,Pascoe Vale
104,Pascoe Vale South
105,Melbourne Airport
106,Oak Park
107,Glenroy
108,Hadfield
109,Dallas
110,Broadmeadows
111,Jacana
112,Coolaroo
113,Meadow Heights
114,Westmeadows
115,Attwood
116,Royal Melbourne Hospital
117,North Melbourne
118,Hotham Hill
119,Parkville
120,Melbourne University
121,Carlton
122,Carlton South
123,Princes Hill
124,Carlton North
125,Brunswick South
126,Brunswick West
127,Moreland West
128,Moonee Vale
129,Brunswick
130,Brunswick North
131,Brunswick Lower
132,Sumner
133,Brunswick East
134,Coburg North
135,Moreland
136,Batman
137,Merlynston
138,Coburg
139,Greenvale
140,Fawkner
141,Campbellfield
142,Somerton
143,Yuroke
144,Oaklands Junction
145,Kalkallo
146,Mickleham
147,Donnybrook
148,Roxburgh Park
149,Craigieburn
150,Fitzroy
151,Collingwood
152,Collingwood North
153,Abbotsford
154,Fitzroy North
155,Clifton Hill
156,Northcote South
157,Northcote
158,Thornbury
159,Preston
160,Regent West
161,Gilberton
162,Preston South
163,Preston West
164,Northland Centre
165,Preston Lower
166,Reservoir
167,Keon Park
168,Thomastown
169,Lalor
170,Epping Dc
171,Epping
172,Alphington
173,Fairfield
174,Ivanhoe
175,Ivanhoe East
176,Ivanhoe North
177,Heidelberg West
178,Heidelberg Rgh
179,Bellfield
180,Heidelberg Heights
181,Mill Park
182,Kingsbury
183,Bundoora
184,La Trobe University
185,Viewbank
186,Banyule
187,Rosanna
188,Heidelberg
189,Eaglemont
190,Yallambie
191,Macleod West
192,Macleod
193,Watsonia North
194,Watsonia
195,Saint Helena
196,Briar Hill
197,Greensborough
198,St Helena
199,Diamond Creek
200,Plenty
201,Yarrambat
202,Lower Plenty
203,Montmorency
204,Research
205,Eltham
206,Eltham North
207,Wattle Glen
208,Bend Of Islands
209,Kangaroo Ground
210,Watsons Creek
211,Strathewen
212,Hurstbridge
213,Arthurs Creek
214,Cottles Bridge
215,Nutfield
216,Kew
217,Cotham
218,Kew East
219,Balwyn
220,Stradbroke Park
221,Deepdene
222,Balwyn East
223,Balwyn North
224,Greythorn
225,Bulleen
226,Templestowe
227,Templestowe Lower
228,Doncaster
229,Tunstall Square Po
230,Doncaster East
231,Doncaster Heights
232,Nunawading Bc
233,Donvale
234,Warrandyte
235,North Warrandyte
236,Park Orchards
237,Wonga Park
238,Chirnside Park
239,Burnley
240,Cremorne
241,Richmond
242,Richmond East
243,Burnley North
244,Richmond South
245,Richmond North
246,Glenferrie South
247,Auburn South
248,Hawthorn
249,Hawthorn North
250,Hawthorn West
251,Auburn
252,Hawthorn East
253,Camberwell North
254,Camberwell
255,Camberwell West
256,Camberwell South
257,Hartwell
258,Middle Camberwell
259,Burwood
260,Surrey Hills South
261,Bennettswood
262,Canterbury
263,Camberwell East
264,Surrey Hills
265,Surrey Hills North
266,Mont Albert
267,Box Hill South
268,Box Hill Central
269,Box Hill
270,Wattle Park
271,Houston
272,Box Hill North
273,Kerrimuir
274,Mont Albert North
275,Blackburn North
276,Blackburn South
277,Blackburn
278,Laburnum
279,Forest Hill
280,Brentford Square
281,Nunawading
282,Mitcham North
283,Mitcham
284,Rangeview
285,Vermont
286,Vermont South
287,Warrandyte South
288,Heathwood
289,Warranwood
290,Ringwood North
291,Ringwood
292,Bedford Road
293,Ringwood East
294,Heathmont
295,Croydon North
296,Croydon South
297,Croydon Hills
298,Croydon
299,Kilsyth
300,Kilsyth South
301,Mooroolbark
302,Hoddles Creek
303,Beenak
304,Don Valley
305,Seville
306,Woori Yallock
307,Yellingbo
308,Wandin North
309,Launching Place
310,Seville East
311,Wandin East
312,Lilydale
313,South Yarra
314,Toorak
315,Hawksburn
316,Armadale
317,Armadale North
318,Kooyong
319,Malvern
320,Malvern North
321,Malvern East
322,Darling
323,Caulfield East
324,Central Park
325,Darling South
326,Wattletree Road Po
327,Glen Iris
328,Tooronga
329,Ashwood
330,Ashburton
331,Jordanville
332,Holmesglen
333,Chadstone
334,Chadstone Centre
335,Syndal
336,Pinewood
337,Mount Waverley
338,Wheelers Hill
339,Brandon Park
340,Glen Waverley
341,Burwood Heights
342,Burwood East
343,Wantirna South
344,Knox City Centre
345,Wantirna
346,Studfield
347,Bayswater North
348,Bayswater
349,The Basin
350,Boronia
351,Lysterfield South
352,Lysterfield
353,Mountain Gate
354,Upper Ferntree Gully
355,Ferntree Gully
356,Upwey
357,Menzies Creek
358,Selby
359,Tecoma
360,Belgrave South
361,Belgrave Heights
362,Belgrave
363,Caulfield North
364,Caulfield Junction
365,Caulfield South
366,Hopetoun Gardens
367,Caulfield
368,Glen Huntly
369,Carnegie
370,Booran Road Po
371,Murrumbeena
372,Dandenong South
373,Coatesville
374,Bentleigh East
375,Oakleigh East
376,Oakleigh
377,Huntingdale
378,Hughesdale
379,Oakleigh South
380,Notting Hill
381,Clayton
382,Clarinda
383,Clayton South
384,Waverley Gardens
385,Mulgrave
386,Sandown Village
387,Springvale
388,Springvale South
389,Dingley Village
390,Keysborough
391,Noble Park
392,Noble Park North
393,Dandenong East
394,Dunearn
395,Dandenong North
396,Dandenong
397,Bangholme
398,Scoresby Bc
399,Doveton
400,Eumemmerring
401,Rowville
402,Scoresby
403,Knoxfield
404,Prahran
405,Windsor
406,Prahran East
407,St Kilda West
408,St Kilda South
409,St Kilda
410,St Kilda East
411,Balaclava
412,Elwood
413,Brighton Road
414,Elsternwick
415,Gardenvale
416,Ripponlea
417,Dendy
418,Brighton
419,Brighton North
420,Were Street Po
421,North Road
422,Brighton East
423,Hampton
424,Hampton East
425,Hampton North
426,Moorabbin
427,Moorabbin East
428,Wishart
429,Highett
430,Sandringham
431,Cheltenham
432,Cheltenham East
433,Southland Centre
434,Beaumaris
435,Black Rock North
436,Black Rock
437,Cromer
438,Mentone
439,Mentone East
440,Moorabbin Airport
441,Braeside
442,Mordialloc
443,Waterways
444,Aspendale Gardens
445,Parkdale
446,Aspendale
447,Chelsea Heights
448,Edithvale
449,Bonbeach
450,Chelsea
451,Carrum
452,Patterson Lakes
453,Belvedere Park
454,Seaford
455,Karingal Centre
456,Frankston South
457,Frankston East
458,Frankston
459,Frankston Heights
460,Karingal
461,Frankston North
462,Pines Forest
463,Carrum Downs
464,Heatherton
465,Ormond
466,Patterson
467,Bentleigh
468,Mckinnon
469,South Melbourne Dc
470,South Melbourne
471,Albert Park
472,Middle Park
473,Garden City
474,Port Melbourne
475,Little River
476,Avalon
477,Lara
478,Point Wilson
479,Anakie
480,Moorabool
481,Lovely Banks
482,Batesford
483,Norlane
484,North Shore
485,Corio
486,Geelong North
487,Bell Post Hill
488,North Geelong
489,Rippleside
490,Hamlyn Heights
491,Drumcondra
492,Bell Park
493,Highton
494,Belmont
495,Freshwater Creek
496,Grovedale East
497,Mount Duneed
498,Marshall
499,Wandana Heights
500,Grovedale
501,Waurn Ponds
502,Deakin University
503,Charlemont
504,Armstrong Creek
505,Fyansford
506,Stonehaven
507,Geelong West
508,Manifold Heights
509,Herne Hill
510,Murgheboluc
511,Thomson
512,St Albans Park
513,Newcomb
514,East Geelong
515,Whittington
516,Breakwater
517,South Geelong
518,Bareena
519,Newtown
520,Geelong
521,Gnarwarre
522,Moolap
523,Bellarine
524,Geelong Mc
525,Ceres
526,Staughton Vale
527,Wongarra
528,Barrabool
529,Kennett River
530,Wye River
531,Wallington
532,Mannerim
533,Drysdale
534,Marcus Hill
535,Clifton Springs
536,Curlewis
537,St Leonards
538,Indented Head
539,Portarlington
540,Leopold
541,Point Lonsdale
542,Queenscliff
543,Swan Island
544,Swan Bay
545,Ocean Grove
546,Connewarre
547,Breamlea
548,Barwon Heads
549,Bellbrae
550,Torquay
551,Bells Beach
552,Jan Juc
553,Anglesea
554,Aireys Inlet
555,Eastern View
556,Fairhaven
557,Big Hill
558,Moggs Creek
559,Lorne
560,Apollo Bay
561,Cape Otway
562,Skenes Creek North
563,Marengo
564,Petticoat Creek
565,Skenes Creek
566,Grey River
567,Separation Creek
568,Sugarloaf
569,Deans Marsh
570,Boonah
571,Pennyroyal
572,Benwerrin
573,Mount Sabine
574,Forrest
575,Beech Forest
576,Wattle Hill
577,Aire Valley
578,Wyelangta
579,Ferguson
580,Gellibrand Lower
581,Yuulong
582,Weeaproinah
583,Johanna
584,Lavers Hill
585,Hordern Vale
586,Glenaire
587,Chapple Vale
588,Carlisle River
589,Kennedys Creek
590,Gellibrand
591,Moriac
592,Modewarre
593,Buckley
594,Mount Moriac
595,Paraparap
596,Gherang
597,Wensleydale
598,Winchelsea
599,Bambra
600,Ombersley
601,Winchelsea South
602,Wurdiboluc
603,Birregurra
604,Whoorel
605,Murroon
606,Gerangamete
607,Barwon Downs
608,Warncoort
609,Barongarook
610,Swan Marsh
611,Dreeite
612,Barongarook West
613,Yeo
614,Dreeite South
615,Larpent
616,Coragulac
617,Irrewarra
618,Pirron Yallock
619,Tanybryn
620,Pomborneit East
621,Yeodene
622,Corunnun
623,Warrion
624,Wool Wool
625,Ondit
626,Irrewillipe East
627,Balintore
628,Nalangil
629,Kawarren
630,Irrewillipe
631,Barramunga
632,Alvie
633,Colac West
634,Colac East
635,Colac
636,Elliminyt
637,Cundare North
638,Cundare
639,Weering
640,Beeac
641,Eurack
642,Cororooke
643,Kariah
644,Gnotuk
645,Carpendeit
646,Pomborneit North
647,Bostocks Creek
648,Pomborneit
649,Weerite
650,Koallah
651,Leslie Manor
652,Camperdown
653,Tandarook
654,South Purrumbete
655,Tesbury
656,Skibo
657,Chocolyn
658,Bookaar
659,Bungador
660,Stonyford
661,Terang
662,Boorcan
663,Noorat East
664,Kolora
665,The Sisters
666,Ellerslie
667,Taroon
668,Dixie
669,Garvoc
670,Glenormiston South
671,Framlingham East
672,Laang
673,Panmure
674,Cudgee
675,Noorat
676,Glenormiston North
677,Ecklin South
678,Framlingham
679,Jancourt East
680,Elingamite North
681,Elingamite
682,Simpson
683,Bullaharre
684,Jancourt
685,Cobrico
686,Naroghid
687,Glenfyne
688,Cobden
689,Scotts Creek
690,Nirranda
691,Nullawarre
692,Timboon
693,Newfield
694,Ayrford
695,Brucknell
696,Nirranda South
697,Heytesbury Lower
698,Curdie Vale
699,The Cove
700,Curdievale
701,Cowleys Creek
702,Curdies River
703,Cooriemungle
704,Nirranda East
705,Nullawarre North
706,Timboon West
707,Paaratte
708,Princetown
709,Port Campbell
710,Waarre
711,Peterborough
712,Dundonnell
713,Darlington
714,Pura Pura
715,Mortlake
716,Woorndoo
717,Hexham
718,Caramut
719,Mailer Flat
720,Mailors Flat
721,Minjah
722,Woolsthorpe
723,Mepunga East
724,Allansford
725,Naringal East
726,Naringal
727,Mepunga
728,Mepunga West
729,Purnim
730,Purnim West
731,Wangoom
732,Ballangeich
733,Warrnambool
734,Dennington
735,Grassmere
736,Woodford
737,Bushfield
738,Winslow
739,Koroit
740,Illowa
741,Warrong
742,Crossley
743,Tower Hill
744,Yangery
745,Southern Cross
746,Yarpturk
747,Killarney
748,Tarrone
749,Kirkstall
750,Willatook
751,Port Fairy
752,Orford
753,Yambuk
754,Codrington
755,Rosebrook
756,St Helens
757,Narrawong
758,Toolong
759,Tyrendarra
760,Tyrendarra East
761,Warrabkook
762,Macarthur
763,Condah Swamp
764,Knebsworth
765,Minhamite
766,Hawkesdale
767,Gazette
768,Tabor
769,Gerrigerrup
770,Penshurst
771,Purdeet
772,Nelson
773,Glenthompson
774,Narrapumelap South
775,Nareeb
776,Moutajup
777,Victoria Point
778,Mirranatwa
779,Woodhouse
780,Dunkeld
781,Karabeal
782,Victoria Valley
783,Hamilton
784,Byaduk North
785,Yatchaw
786,Wannon
787,Croxton East
788,Mount Napier
789,Bochara
790,Tahara
791,Tarrington
792,Hensley Park
793,Byaduk
794,Warrayure
795,Broadwater
796,Morgiana
797,Strathkellar
798,Yulecart
799,Buckley Swamp
800,Grassdale
801,Branxholme
802,Condah
803,Wallacedale
804,Breakaway Creek
805,Lake Condah
806,Hotspur
807,Heywood
808,Drik Drik
809,Drumborg
810,Mumbannar
811,Myamyn
812,Lyons
813,Dartmoor
814,Greenwald
815,Winnap
816,Bessiebelle
817,Homerton
818,Milltown
819,Mount Richmond
820,Cape Bridgewater
821,Bolwarra
822,Portland
823,Gorae
824,Allestree
825,Gorae West
826,Cashmore
827,Portland West
828,Portland North
829,Dutton Way
830,Heathmere
831,Digby
832,Merino
833,Tahara West
834,Casterton
835,Corndale
836,Lindsay
837,Bahgallah
838,Lake Mundi
839,Dunrobin
840,Powers Creek
841,Henty
842,Wando Vale
843,Nangeela
844,Carapook
845,Warrock
846,Brimboal
847,Killara
848,Poolaijelo
849,Sandford
850,Strathdownie
851,Chetwynd
852,Dorodong
853,Dergholm
854,Wando Bridge
855,Mooralla
856,Grampians
857,Cavendish
858,Glenisla
859,Bulart
860,Nareen
861,Paschendale
862,Konongwootong
863,Tarrenlea
864,Muntham
865,Tahara Bridge
866,Tarrayoukyan
867,Clover Flat
868,Gritjurk
869,Brit Brit
870,Coleraine
871,Coojar
872,Melville Forest
873,Gringegalgona
874,Culla
875,Hilgay
876,Wootong Vale
877,Harrow
878,Edenhope
879,Kadnook
880,Connewirricoo
881,Ullswater
882,Langkoop
883,Patyah
884,Charam
885,Bringalbert
886,Apsley
887,Benayeo
888,Hesse
889,Inverleigh
890,Wingeel
891,Cressy
892,Foxhow
893,Duverney
894,Berrybank
895,Lismore
896,Mount Bute
897,Mingay
898,Derrinallum
899,Vite Vite North
900,Vite Vite
901,Larralea
902,Teesdale
903,Shelford
904,Barunah Park
905,Barunah Plains
906,Rokewood
907,She Oaks
908,Sutherlands Creek
909,Maude
910,Steiglitz
911,Russells Bridge
912,Gheringhap
913,Bannockburn
914,Lethbridge
915,Bamganie
916,Meredith
917,Bungal
918,Elaine
919,Mount Doran
920,Morrisons
921,Cargerie
922,Plumpton
923,Rockbank
924,Melton
925,Melton West
926,Kurunjang
927,Toolern Vale
928,Brookfield
929,Eynesbury
930,Melton South
931,Exford
932,Balliang East
933,Hopetoun Park
934,Balliang
935,Bacchus Marsh
936,Merrimu
937,Parwan
938,Maddingley
939,Darley
940,Coimadai
941,Long Forest
942,Glenmore
943,Rowsley
944,Korobeit
945,Dales Creek
946,Myrniong
947,Pentland Hills
948,Greendale
949,Colbrook
950,Beremboke
951,Ballan
952,Fiskville
953,Mount Wallace
954,Bunding
955,Durdidwarrah
956,Blakeville
957,Ingliston
958,Gordon
959,Brown Hill
960,Black Hill
961,Ballarat
962,Lake Wendouree
963,Bakery Hill
964,Mount Pleasant
965,Ballarat Central
966,Golden Point
967,Mount Helen
968,Nerrina
969,Sovereign Hill
970,Mount Clear
971,Canadian
972,Alfredton
973,Invermay Park
974,Eureka
975,Ballarat North
976,Redan
977,Ballarat West
978,Ballarat East
979,Soldiers Hill
980,Lucas
981,Newington
982,Chepstowe
983,Carngham
984,Springdallah
985,Lake Bolac
986,Streatham
987,Cape Clear
988,Ross Creek
989,Snake Valley
990,Bo Peep
991,Westmere
992,Smythes Creek
993,Illabarook
994,Mount Emu
995,Staffordshire Reef
996,Wallinduc
997,Hillcrest
998,Smythesdale
999,Nintingbool
1000,Scarsdale
1001,Berringa
1002,Pitfield
1003,Rokewood Junction
1004,Mininera
1005,Piggoreet
1006,Haddon
1007,Nerrin Nerrin
1008,Mount Rowan
1009,Mount Bolton
1010,Bunkers Hill
1011,Weatherboard
1012,Waubra
1013,Chapel Flat
1014,Blowhard
1015,Gong Gong
1016,Dereel
1017,Ballarat Roadside Delivery
1018,Wattle Flat
1019,Enfield
1020,Dean
1021,Navigators
1022,Bolwarrah
1023,Mount Egerton
1024,Lamplough
1025,Langi Kal Kal
1026,Clarkes Hill
1027,Claretown
1028,Bullarook
1029,Bungaree
1030,Magpie
1031,Lexton
1032,Bonshaw
1033,Ercildoune
1034,Clarendon
1035,Millbrook
1036,Barkstead
1037,Cardigan
1038,Yendon
1039,Miners Rest
1040,Garibaldi
1041,Glenbrae
1042,Addington
1043,Wallace
1044,Lal Lal
1045,Mount Mercer
1046,Durham Lead
1047,Glen Park
1048,Corindhap
1049,Grenville
1050,Napoleons
1051,Pootilla
1052,Burrumbeet
1053,Dunnstown
1054,Sulky
1055,Scotchmans Lead
1056,Cambrian Hill
1057,Werneth
1058,Windermere
1059,Springbank
1060,Brewster
1061,Mitchell Park
1062,Warrenheip
1063,Invermay
1064,Scotsburn
1065,Cardigan Village
1066,Learmonth
1067,Mollongghip
1068,Leigh Creek
1069,Ballarat Mc
1070,Wendouree Village
1071,Wendouree
1072,Lake Gardens
1073,Delacombe
1074,Sebastopol
1075,Buninyong
1076,Happy Valley
1077,Pittong
1078,Linton
1079,Willowvale
1080,Mannibadar
1081,Carranballac
1082,Bradvale
1083,Skipton
1084,Mount Beckworth
1085,Creswick North
1086,Langdons Hill
1087,Tourello
1088,Creswick
1089,Glendaruel
1090,Kooroocheang
1091,Werona
1092,Mount Prospect
1093,Ascot
1094,Broomfield
1095,Newlyn
1096,Glendonald
1097,Rocklyn
1098,Strathlea
1099,Allendale
1100,Cabbage Tree
1101,Smeaton
1102,Blampied
1103,Ullina
1104,Smokeytown
1105,Joyces Creek
1106,Newlyn North
1107,Campbelltown
1108,Kingston
1109,Coghills Creek
1110,Springmount
1111,Lawrence
1112,Bald Hills
1113,Clunes
1114,Mount Cameron
1115,Glengower
1116,Lillicur
1117,Red Lion
1118,Evansford
1119,Burnbank
1120,Talbot
1121,Amherst
1122,Dunach
1123,Mount Glasgow
1124,Stony Creek
1125,Caralulup
1126,Trawalla
1127,Mena Park
1128,Lake Goldsmith
1129,Nerring
1130,Raglan
1131,Stoneleigh
1132,Waterloo
1133,Chute
1134,Main Lead
1135,Cross Roads
1136,Beaufort
1137,Lake Wongan
1138,Stockyard Hill
1139,Great Western
1140,Buangor
1141,Bayindeen
1142,Middle Creek
1143,Ballyrogan
1144,Rocky Point
1145,Warrak
1146,Rhymney
1147,Dobie
1148,Shays Flat
1149,Mount Cole
1150,Crowlands
1151,Mount Cole Creek
1152,Cathcart
1153,Langi Logan
1154,Denicull Creek
1155,Eversley
1156,Bulgana
1157,Ararat
1158,Norval
1159,Moyston
1160,Rossbridge
1161,Dunneworthy
1162,Maroona
1163,Armstrong
1164,Yalla-Y-Poora
1165,Tatyoon
1166,Chatsworth
1167,Bornes Hill
1168,Willaura North
1169,Mafeking
1170,Stavely
1171,Wickliffe
1172,Willaura
1173,Stawell
1174,Stawell West
1175,Bellellen
1176,Lubeck
1177,Mount Dryden
1178,Mokepilly
1179,Black Range
1180,Pomonal
1181,Lake Lonsdale
1182,Lake Fyans
1183,Halls Gap
1184,Campbells Bridge
1185,Illawarra
1186,Barkly
1187,Fyans Creek
1188,Joel South
1189,Wattle Creek
1190,Landsborough
1191,Concongella
1192,Joel Joel
1193,Navarre
1194,Frenchmans
1195,Tulkara
1196,Landsborough West
1197,Dadswells Bridge
1198,Roses Gap
1199,Riachella
1200,Deep Lead
1201,Wal Wal
1202,Glenorchy
1203,Ledcourt
1204,Morrl Morrl
1205,Marnoo
1206,Callawadda
1207,Wallaloo
1208,Kanya
1209,Wallaloo East
1210,Bolangum
1211,Germania
1212,Greens Creek
1213,Marnoo West
1214,Banyena
1215,Rupanyup
1216,Kewell
1217,Murtoa
1218,Brim
1219,Sheep Hills
1220,Minyip
1221,Boolite
1222,Crymelon
1223,Kellalac
1224,Willenabrina
1225,Wilkur
1226,Bangerang
1227,Warracknabeal
1228,Lah
1229,Aubrey
1230,Cannum
1231,Kenmare
1232,Beulah
1233,Reedy Dam
1234,Rosebery
1235,Hopetoun
1236,Horsham
1237,Kalkee
1238,Quantong
1239,Nurcoung
1240,Wallup
1241,Laharum
1242,St Helens Plains
1243,Dooen
1244,Mockinya
1245,Zumsteins
1246,Nurrabiel
1247,Murra Warra
1248,Telangatuk East
1249,Drung
1250,Lower Norton
1251,Haven
1252,Toolondo
1253,Kanagulk
1254,Longerenong
1255,Rocklands
1256,Gymbowen
1257,Vectis
1258,Wartook
1259,Riverside
1260,Brimpaen
1261,Cherrypool
1262,Blackheath
1263,Wonwondah
1264,Mckenzie Creek
1265,Bungalally
1266,Karnak
1267,Jung
1268,Wail
1269,Pimpinio
1270,Englefield
1271,Vasey
1272,Balmoral
1273,Pigeon Ponds
1274,Gatum
1275,Natimuk
1276,Grass Flat
1277,Clear Lake
1278,Arapiles
1279,Mitre
1280,Duchembegarra
1281,Noradjuha
1282,Douglas
1283,Wombelano
1284,Jilpanger
1285,Tooan
1286,Miga Lake
1287,Goroke
1288,Neuarpurr
1289,Ozenkadnook
1290,Minimay
1291,Peronne
1292,Antwerp
1293,Dimboola
1294,Tarranyurk
1295,Miram
1296,Gerang Gerung
1297,Nhill
1298,Kiata
1299,Lawloit
1300,Broughton
1301,Lorquon
1302,Little Desert
1303,Yanac
1304,Glenlee
1305,Netherby
1306,Kaniva
1307,Telopea Downs
1308,Serviceton
1309,Lillimur
1310,Jeparit
1311,Yaapeet
1312,Albacutya
1313,Rainbow
1314,Diggers Rest
1315,Bulla
1316,Sunbury
1317,Wildwood
1318,Clarkefield
1319,Riddells Creek
1320,Bolinda
1321,Monegeetta
1322,Romsey
1323,Cherokee
1324,Springfield
1325,Kerrie
1326,Lancefield
1327,Goldie
1328,Benloch
1329,Nulla Vale
1330,Bullengarook
1331,Gisborne South
1332,Gisborne
1333,New Gisborne
1334,Macedon
1335,Mount Macedon
1336,Hesket
1337,Ashbourne
1338,Rochford
1339,Carlsruhe
1340,Woodend
1341,Cadello
1342,Newham
1343,Cobaw
1344,Woodend North
1345,Barfold
1346,Pastoria
1347,Lyal
1348,Redesdale
1349,Langley
1350,Tylden South
1351,Kyneton
1352,Glenhope
1353,Tylden
1354,Greenhill
1355,Baynton
1356,Pipers Creek
1357,Mia Mia
1358,Metcalfe East
1359,Lauriston
1360,Edgecombe
1361,Sidonia
1362,Baynton East
1363,Spring Hill
1364,Kyneton South
1365,Pastoria East
1366,Malmsbury
1367,Drummond North
1368,Taradale
1369,Sutton Grange
1370,Elphinstone
1371,Metcalfe
1372,Moonlight Flat
1373,Castlemaine
1374,Gower
1375,Mckenzie Hill
1376,Campbells Creek
1377,Barkers Creek
1378,Muckleford
1379,Guildford
1380,Yapeen
1381,Chewton Bushlands
1382,Faraday
1383,Vaughan
1384,Glenluce
1385,Chewton
1386,Fryerstown
1387,Tarilta
1388,Irishtown
1389,Ravenswood
1390,Harcourt North
1391,Harcourt
1392,Ravenswood South
1393,Newbury
1394,Trentham
1395,Fern Hill
1396,Trentham East
1397,Blackwood
1398,Lerderderg
1399,Little Hampton
1400,Barrys Reef
1401,North Blackwood
1402,Daylesford
1403,Basalt
1404,Korweinguboora
1405,Strangways
1406,Hepburn Springs
1407,Porcupine Ridge
1408,Musk Vale
1409,Eganstown
1410,Yandoit
1411,Elevated Plains
1412,Hepburn
1413,Leonards Hill
1414,Spargo Creek
1415,Sailors Hill
1416,Franklinford
1417,Yandoit Hills
1418,Drummond
1419,Bullarto South
1420,Musk
1421,Denver
1422,Sailors Falls
1423,Mount Franklin
1424,Lyonville
1425,Shepherds Flat
1426,Glenlyon
1427,Dry Diggings
1428,Bullarto
1429,Coomoora
1430,Wheatsheaf
1431,Clydesdale
1432,Newstead
1433,Muckleford South
1434,Sandon
1435,Welshmans Reef
1436,Green Gully
1437,Maldon
1438,Laanecoorie
1439,Baringhup
1440,Bradford
1441,Walmer
1442,Baringhup West
1443,Eastville
1444,Tarrengower
1445,Nuggetty
1446,Woodstock West
1447,Neereman
1448,Shelbourne
1449,Carisbrook
1450,Havelock
1451,Maryborough
1452,Timor West
1453,Wareek
1454,Cotswold
1455,Homebush
1456,Bung Bong
1457,Moolort
1458,Bowenvale
1459,Rathscar
1460,Daisy Hill
1461,Natte Yallock
1462,Timor
1463,Simson
1464,Alma
1465,Majorca
1466,Adelaide Lead
1467,Flagstaff
1468,Rathscar West
1469,Craigie
1470,Avoca
1471,Mount Lonarch
1472,Amphitheatre
1473,Nowhere Creek
1474,Elmhurst
1475,Glenlogie
1476,Glenpatrick
1477,Glenlofty
1478,Bet Bet
1479,Eddington
1480,Bromley
1481,Betley
1482,Moliagul
1483,Goldsborough
1484,Dunluce
1485,Inkerman
1486,Dunolly
1487,Mount Hooghly
1488,Mcintyre
1489,Emu
1490,Logan
1491,Cochranes Creek
1492,Archdale
1493,Archdale Junction
1494,Burkes Flat
1495,Bealiba
1496,Traynors Lagoon
1497,Grays Bridge
1498,Redbank
1499,Rostron
1500,Gowar East
1501,Coonooer West
1502,Paradise
1503,Stuart Mill
1504,Gre Gre North
1505,Gre Gre South
1506,Avon Plains
1507,Moyreisk
1508,St Arnaud North
1509,Marnoo East
1510,Carapooee West
1511,Beazleys Bridge
1512,Gre Gre
1513,York Plains
1514,Carapooee
1515,Gooroc
1516,Winjallok
1517,St Arnaud East
1518,Coonooer Bridge
1519,Moolerr
1520,Swanwater
1521,Dalyenong
1522,Sutherland
1523,Tottington
1524,Slaty Creek
1525,Kooreh
1526,Percydale
1527,Warrenmang
1528,Medlyn
1529,Moonambel
1530,St Arnaud
1531,Yawong Hills
1532,Tanwood
1533,Dooboobetic
1534,Carron
1535,Lawler
1536,Areegra
1537,Corack East
1538,Donald
1539,Jeffcott North
1540,Laen North
1541,Cope Cope
1542,Corack
1543,Jeffcott
1544,Laen East
1545,Litchfield
1546,Swanwater West
1547,Laen
1548,Rich Avon
1549,Rich Avon East
1550,Rich Avon West
1551,Gil Gil
1552,Warmur
1553,Massey
1554,Watchem
1555,Morton Plains
1556,Watchem West
1557,Narraport
1558,Birchip
1559,Kinnabulla
1560,Karyrie
1561,Birchip West
1562,Whirily
1563,Ballapur
1564,Curyo
1565,Marlbed
1566,Jil Jil
1567,Woomelang
1568,Willangie
1569,Banyan
1570,Watchupga
1571,Lascelles
1572,Turriff East
1573,Speed
1574,Turriff
1575,Tempy
1576,Mittyack
1577,Murray-Sunset
1578,Torrita
1579,Kulwin
1580,Boinka
1581,Big Desert
1582,Ouyen
1583,Tutye
1584,Patchewollock
1585,Nangiloc
1586,Iraak
1587,Carwarp
1588,Colignan
1589,Sunnycliffs
1590,Cullulleraine
1591,Werrimull
1592,Red Cliffs
1593,Merrinee
1594,Cardross
1595,Meringur
1596,Neds Corner
1597,Lindsay Point
1598,Irymple
1599,Mildura West
1600,Mildura
1601,Mildura Centre Plaza
1602,Nichols Point
1603,Hattah
1604,Koorlong
1605,Mildura South
1606,Wargan
1607,Birdwoodton
1608,Merbein
1609,Cabarita
1610,Merbein West
1611,Yelta
1612,Merbein South
1613,Cowangie
1614,Walpeup
1615,Linga
1616,Underbool
1617,Carina
1618,Murrayville
1619,Panitya
1620,Wilsons Hill
1621,Marong
1622,Bridgewater On Loddon
1623,Derby
1624,Yarraberb
1625,Leichardt
1626,Bridgewater
1627,Bridgewater North
1628,Glenalbyn
1629,Jarklin
1630,Serpentine
1631,Kurting
1632,Powlett Plains
1633,Salisbury West
1634,Inglewood
1635,Bears Lagoon
1636,Rheola
1637,Brenanah
1638,Kingower
1639,Richmond Plains
1640,Skinners Flat
1641,Borung
1642,Kurraca West
1643,Fernihurst
1644,Woolshed Flat
1645,Berrimal
1646,Wedderburn Junction
1647,Mysia
1648,Wehla
1649,Nine Mile
1650,Fentons Creek
1651,Woosang
1652,Kurraca
1653,Fiery Flat
1654,Wedderburn
1655,Korong Vale
1656,Kinypanial
1657,Pyalong
1658,Tooborac
1659,Glenhope East
1660,Costerfield
1661,Derrinal
1662,Argyle
1663,Moormbool West
1664,Redcastle
1665,Heathcote
1666,Ladys Pass
1667,Knowsley
1668,Heathcote South
1669,Mount Camel
1670,Wychitella North
1671,Charlton
1672,Buckrabanyule
1673,Granite Flat
1674,Wooroonook
1675,Yeungroon
1676,Barrakee
1677,Terrappee
1678,Wychitella
1679,Yeungroon East
1680,Chirrip
1681,Lake Marmal
1682,Nareewillock
1683,Jeruk
1684,Bunguluke
1685,Thalia
1686,Ninyeunook
1687,Towaninny South
1688,Glenloth
1689,Towaninny
1690,Wycheproof South
1691,Dumosa
1692,Teddywaddy West
1693,Wycheproof
1694,Glenloth East
1695,Teddywaddy
1696,Nullawil
1697,Kalpienung
1698,Warne
1699,Wangie
1700,Sutton
1701,Culgoa
1702,Boigbeat
1703,Berriwillock
1704,Sea Lake
1705,Lake Tyrrell
1706,Ninda
1707,Nyarrin
1708,Pier Milan
1709,Straten
1710,Nandaly
1711,Tyenna
1712,Tyrrell
1713,Bimbourie
1714,Tyrrell Downs
1715,Myall
1716,Canary Island
1717,Barraport West
1718,Gredgwin
1719,Leaghur
1720,Minmindie
1721,Catumnal
1722,Barraport
1723,Yando
1724,Boort
1725,Oakvale
1726,Quambatook
1727,Cannie
1728,Lalbert
1729,Tittybong
1730,Cokum
1731,Gowanford
1732,Ultima East
1733,Waitchie
1734,Chinangin
1735,Murnungin
1736,Ultima
1737,Chinkapook
1738,Gerahmin
1739,Turoar
1740,Manangatang
1741,Cocamba
1742,Bolton
1743,Winnambool
1744,Robinvale
1745,Robinvale Irrigation District Section B
1746,Annuello
1747,Bannerton
1748,Tol Tol
1749,Wemen
1750,Robinvale Irrigation District Section E
1751,Wandown
1752,Robinvale Irrigation District Section D
1753,Liparoo
1754,Robinvale Irrigation District Section C
1755,Flora Hill
1756,East Bendigo
1757,North Bendigo
1758,Strathdale
1759,Kennington
1760,Spring Gully
1761,Long Gully
1762,White Hills
1763,West Bendigo
1764,Bendigo South
1765,Quarry Hill
1766,Ironbark
1767,Tysons Reef
1768,Bendigo
1769,Sandhurst East
1770,Toolleen
1771,Lake Eppalock
1772,Wellsford
1773,Myrtle Creek
1774,Maiden Gully
1775,Huntly
1776,Arnold West
1777,Huntly North
1778,Emu Creek
1779,Tarnagulla
1780,Lockwood
1781,Painswick
1782,Bendigo Forward
1783,Myola
1784,Waanyarra
1785,Junortoun
1786,Llanelly
1787,Longlea
1788,Mandurang
1789,Axedale
1790,Woodstock On Loddon
1791,Bagshot
1792,Murphys Creek
1793,Bagshot North
1794,Newbridge
1795,Eppalock
1796,Arnold
1797,Axe Creek
1798,Mandurang South
1799,Kimbolton
1800,Epsom
1801,Cornella
1802,Strathfieldsaye
1803,Lockwood South
1804,Sedgwick
1805,Bendigo Dc
1806,Golden Gully
1807,Golden Square
1808,Kangaroo Flat
1809,Lansell Plaza
1810,Campbells Forest
1811,Eaglehawk
1812,Sebastian
1813,Eaglehawk North
1814,California Gully
1815,Woodvale
1816,Comet Hill
1817,Jackass Flat
1818,Myers Flat
1819,Whipstick
1820,Sailors Gully
1821,Goornong
1822,Barnadown
1823,Muskerry
1824,Fosterville
1825,Elmore
1826,Hunter
1827,Burnewang
1828,Runnymede
1829,Corop West
1830,Avonmore
1831,Gobarup
1832,Colbinabbin
1833,Corop
1834,Burramboot
1835,Fairy Dell
1836,Rochester
1837,Ballendella
1838,Bonn
1839,Timmering
1840,Nanneella
1841,Bamawm
1842,Diggora
1843,Torrumbarry
1844,Lockington
1845,Roslynmead
1846,Echuca South
1847,Wharparilla
1848,Simmie
1849,Echuca
1850,Echuca Village
1851,Bamawm Extension
1852,Kanyapella
1853,Echuca West
1854,Patho
1855,Kotta
1856,Gunbower
1857,Horfield
1858,Leitchville
1859,Mead
1860,Cohuna
1861,Gannawarra
1862,Macorna North
1863,Cullen
1864,Keely
1865,Mincha West
1866,Mcmillans
1867,Wee Wee Rup
1868,Daltons Bridge
1869,Burkes Bridge
1870,Kamarooka
1871,Raywood
1872,Drummartin
1873,Auchmore
1874,Neilborough
1875,Kamarooka North
1876,Dingee
1877,Pompapiel
1878,Tandarra
1879,Tennyson
1880,Piavella
1881,Milloo
1882,Prairie
1883,Pine Grove
1884,Calivil
1885,Terrick Terrick East
1886,Mitiamo
1887,Gladfield
1888,Mologa
1889,Sylvaterre
1890,Loddon Vale
1891,Pyramid Hill
1892,Yarrawalla
1893,Terrick Terrick
1894,Jungaburra
1895,Mincha
1896,Durham Ox
1897,Mystic Park
1898,Murrabit West
1899,Teal Point
1900,Kerang East
1901,Beauchamp
1902,Westby
1903,Sandhill Lake
1904,Koroop
1905,Appin South
1906,Wandella
1907,Budgerum East
1908,Macorna
1909,Capels Crossing
1910,Meering West
1911,Murrabit
1912,Benjeroop
1913,Tragowel
1914,Lake Meran
1915,Gonn Crossing
1916,Normanville
1917,Fairley
1918,Milnes Bridge
1919,Pine View
1920,Reedy Lake
1921,Kerang
1922,Bael Bael
1923,Appin
1924,Dingwall
1925,Koondrook
1926,Lake Charm
1927,Tresco
1928,Tresco West
1929,Lake Boga
1930,Kunat
1931,Goschen
1932,Nowie
1933,Winlaton
1934,Chillingollah
1935,Pira
1936,Meatian
1937,Speewa
1938,Fish Point
1939,Swan Hill
1940,Nyrraby
1941,Castle Donnington
1942,Polisbet
1943,Swan Hill West
1944,Murrawee
1945,Pental Island
1946,Tyntynder South
1947,Bulga
1948,Tyntynder
1949,Murraydale
1950,Woorinen South
1951,Woorinen North
1952,Woorinen
1953,Beverford
1954,Vinifera
1955,Nyah
1956,Nyah West
1957,Miralie
1958,Wood Wood
1959,Towan
1960,Narrung
1961,Kooloonong
1962,Kenley
1963,Natya
1964,Piangil
1965,Lake Powell
1966,Boundary Bend
1967,Tabilk
1968,Kirwans Bridge
1969,Bailieston
1970,Graytown
1971,Nagambie
1972,Goulburn Weir
1973,Mitchellstown
1974,Wahring
1975,Wirrate
1976,Murchison North
1977,Moorilim
1978,Dhurringile
1979,Murchison
1980,Murchison East
1981,Wanalta
1982,Moora
1983,Rushworth
1984,Whroo
1985,Waranga Shores
1986,Toolamba
1987,Toolamba West
1988,Waranga
1989,Girgarre East
1990,Tatura
1991,Harston
1992,Tatura East
1993,Gillieston
1994,Cooma
1995,Mooroopna North West
1996,Byrneside
1997,Merrigum
1998,Kyabram
1999,St Germains
2000,Wyuna
2001,Kyabram South
2002,Lancaster
2003,Wyuna East
2004,Kyvalley
2005,Koyuga South
2006,Tongala
2007,Yambuna
2008,Koyuga
2009,Strathallan
2010,Stanhope
2011,Carag Carag
2012,Stanhope South
2013,Girgarre
2014,Mooroopna North
2015,Mooroopna
2016,Ardmona
2017,Undera
2018,Coomboona
2019,Shepparton
2020,Shepparton South
2021,Caniambo
2022,Benarch
2023,Colliver
2024,Branditt
2025,Dunkirk
2026,Kialla East
2027,Kialla
2028,Orrvale
2029,Arcadia South
2030,Pine Lodge
2031,Karramomus
2032,Lemnos
2033,Tamleugh West
2034,Grahamvale
2035,Kialla West
2036,Arcadia
2037,Shepparton North
2038,Cosgrove
2039,Cosgrove South
2040,Shepparton East
2041,Congupna
2042,Invergordon South
2043,Tallygaroopna
2044,Bunbartha
2045,Katandra West
2046,Zeerust
2047,Katandra
2048,Marionvale
2049,Marungi
2050,Wunghnu
2051,Kaarimba
2052,Mundoona
2053,Naring
2054,Numurkah
2055,Drumanure
2056,Invergordon
2057,Yalca
2058,Waaia
2059,Nathalia
2060,Yielima
2061,Kotupna
2062,Barmah
2063,Picola West
2064,Lower Moira
2065,Picola
2066,Katunga
2067,Bearii
2068,Strathmerton
2069,Ulupna
2070,Mywee
2071,Cobram
2072,Koonoomoo
2073,Muckatah
2074,Yarroweyah
2075,Cobram East
2076,Nalinga
2077,Dookie
2078,Mount Major
2079,Yabba South
2080,Waggarandall
2081,Youanmite
2082,Yabba North
2083,Dookie College
2084,Katamatite East
2085,Katamatite
2086,Waterford Park
2087,Clonbinane
2088,Tyaak
2089,Strath Creek
2090,Broadford
2091,Sugarloaf Creek
2092,Reedy Creek
2093,Sunday Creek
2094,Hazeldene
2095,Tallarook
2096,Northwood
2097,Dropmore
2098,Seymour South
2099,Seymour
2100,Whiteheads Creek
2101,Trawool
2102,Caveat
2103,Kerrisdale
2104,Highlands
2105,Hilldene
2106,Puckapunyal Milpo
2107,Puckapunyal
2108,Mangalore
2109,Upton Hill
2110,Avenel
2111,Longwood
2112,Locksley
2113,Miepoll
2114,Strathbogie
2115,Creightons Creek
2116,Gooram
2117,Kelvin View
2118,Ruffy
2119,Kithbrook
2120,Creighton
2121,Balmattum
2122,Pranjip
2123,Euroa
2124,Moglonemby
2125,Molka
2126,Tarcombe
2127,Longwood East
2128,Riggs Creek
2129,Sheans Creek
2130,Earlston
2131,Boho
2132,Tamleugh North
2133,Koonda
2134,Marraweeney
2135,Violet Town
2136,Upotipotpon
2137,Boho South
2138,Gowangardie
2139,Tamleugh
2140,Creek Junction
2141,Tarnook
2142,Warrenbayne
2143,Baddaginnie
2144,Benalla
2145,Goomalibee
2146,Upper Ryans Creek
2147,Tatong
2148,Swanpool
2149,Samaria
2150,Upper Lurg
2151,Moorngag
2152,Winton
2153,Broken Creek
2154,Molyullah
2155,Winton North
2156,Lurg
2157,Lima East
2158,Lima
2159,Lima South
2160,Boweya
2161,Greta
2162,Taminick
2163,Mount Bruno
2164,Greta West
2165,Glenrowan
2166,Glenrowan West
2167,Boweya North
2168,Greta South
2169,Hansonville
2170,Wangaratta
2171,Yarrunga
2172,Appin Park
2173,Oxley Flats
2174,Rose River
2175,Edi
2176,Meadow Creek
2177,Waldara
2178,Everton Upper
2179,Tarrawingee
2180,Boorhaman
2181,Killawarra
2182,Wangaratta Forward
2183,Peechelba
2184,Wangandary
2185,Bobinawarrah
2186,Wangaratta South
2187,North Wangaratta
2188,King Valley
2189,Edi Upper
2190,Boorhaman East
2191,Docker
2192,Peechelba East
2193,Markwood
2194,Dockers Plains
2195,Oxley
2196,Wabonga
2197,Byawatha
2198,Cheshunt South
2199,Londrigan
2200,Bowser
2201,Everton
2202,Whitlands
2203,Cheshunt
2204,East Wangaratta
2205,Laceby
2206,Carboor
2207,Milawa
2208,Norong
2209,Boralma
2210,Springhurst
2211,Lilliput
2212,Chiltern Valley
2213,Cornishtown
2214,Chiltern
2215,Prentice North
2216,Boorhaman North
2217,Browns Plains
2218,Brimin
2219,Rutherglen
2220,Gooramadda
2221,Great Southern
2222,Carlyle
2223,Wahgunyah
2224,Indigo Valley
2225,Barnawartha
2226,Wodonga
2227,Wodonga Plaza
2228,West Wodonga
2229,Castle Creek
2230,Upper Gundowring
2231,Bandiana
2232,Bethanga
2233,Baranduda
2234,Allans Flat
2235,Mount Alfred
2236,Bellbridge
2237,Kergunyah South
2238,Berringama
2239,Coral Bank
2240,Talgarno
2241,Kergunyah
2242,Gundowring
2243,Lone Pine
2244,Glen Creek
2245,Tangambalanga
2246,Dederang
2247,Wodonga Forward
2248,Hume Weir
2249,Bonegilla
2250,Kancoona
2251,Thologolong
2252,Running Creek
2253,Kiewa
2254,Bungil
2255,Gateway Island
2256,Lucyvale
2257,Osbornes Flat
2258,Leneva
2259,Barnawartha North
2260,Mongans Bridge
2261,Huon Creek
2262,Staghorn Flat
2263,Ebden
2264,Bandiana Milpo
2265,Huon
2266,Charleroi
2267,Sandy Creek
2268,Red Bluff
2269,Tawonga
2270,Tawonga South
2271,Mount Beauty
2272,Nelse
2273,Falls Creek
2274,Bogong
2275,Georges Creek
2276,Tallangatta
2277,Jarvis Creek
2278,Bullioh
2279,Tallangatta East
2280,Tallandoon
2281,Shelley
2282,Old Tallangatta
2283,Tallangatta South
2284,Mitta Mitta
2285,Eskdale
2286,Tallangatta Valley
2287,Dartmouth
2288,Granya
2289,Koetong
2290,Nariel Valley
2291,Cudgewa
2292,Biggara
2293,Tom Groggin
2294,Towong
2295,Corryong
2296,Thowgla Valley
2297,Colac Colac
2298,Towong Upper
2299,Tintaldra
2300,Walwa
2301,Burrowye
2302,Guys Forest
2303,Pine Mountain
2304,Buxton
2305,Thornton
2306,Rubicon
2307,Eildon
2308,Lake Eildon
2309,Taylor Bay
2310,Alexandra
2311,Acheron
2312,Cathkin
2313,Maintongoon
2314,Koriella
2315,Whanregarwen
2316,Fawcett
2317,Crystal Creek
2318,Taggerty
2319,Devils River
2320,Merton
2321,Ancona
2322,Woodfield
2323,Flowerdale
2324,Homewood
2325,Killingworth
2326,Yea
2327,Limestone
2328,Murrindindi
2329,Ghin Ghin
2330,Glenburn
2331,Molesworth
2332,Yarck
2333,Gobur
2334,Terip Terip
2335,Kanumbra
2336,Bonnie Doon
2337,Barwite
2338,Mirimbah
2339,Mansfield
2340,Howes Creek
2341,Howqua Inlet
2342,Gaffneys Creek
2343,Enochs Point
2344,Archerton
2345,Sawmill Settlement
2346,Knockwood
2347,Howqua
2348,Mount Buller
2349,Mountain Bay
2350,Goughs Bay
2351,Howqua Hills
2352,Delatite
2353,Kevington
2354,Piries
2355,Matlock
2356,Merrijig
2357,Barjarg
2358,Maindample
2359,Boorolite
2360,Woods Point
2361,Bridge Creek
2362,Macs Cove
2363,Jamieson
2364,Tolmie
2365,Goorambat
2366,Chesney Vale
2367,Boxwood
2368,Major Plains
2369,Stewarton
2370,Bungeet
2371,Bungeet West
2372,Thoona
2373,Devenish
2374,Yundool
2375,Almonds
2376,Lake Rowan
2377,Pelluebla
2378,St James
2379,Tungamah
2380,Boomahnoomoonah
2381,Wilby
2382,Youarang
2383,Burramine
2384,Yarrawonga
2385,Esmond
2386,Boosey
2387,Bathumi
2388,Bundalong
2389,Yarrawonga South
2390,Telford
2391,Burramine South
2392,Bundalong South
2393,Moyhu
2394,Myrrhee
2395,Whitfield
2396,Whorouly South
2397,Whorouly
2398,Bowmans Forest
2399,Whorouly East
2400,Myrtleford
2401,Buffalo River
2402,Abbeyard
2403,Gapsted
2404,Mudgegonga
2405,Nug Nug
2406,Merriang South
2407,Havilah
2408,Wonnangatta
2409,Rosewhite
2410,Merriang
2411,Barwidgee
2412,Selwyn
2413,Dandongadale
2414,Ovens
2415,Eurobin
2416,Mount Buffalo
2417,Porepunkah
2418,Buckland
2419,Smoko
2420,Mount Hotham
2421,Bright
2422,Germantown
2423,Hotham Heights
2424,Harrietville
2425,Freeburgh
2426,Wandiligong
2427,Eldorado
2428,Wooragee
2429,Baarmutha
2430,Murmungee
2431,Stanley
2432,Beechworth
2433,Bruarong
2434,Yackandandah
2435,Wollert
2436,Woodstock
2437,South Morang
2438,Beveridge
2439,Mernda
2440,Doreen
2441,Yan Yean
2442,Hidden Valley
2443,Upper Plenty
2444,Chintin
2445,Wallan
2446,Darraweit Guim
2447,Kinglake Central
2448,Pheasant Creek
2449,Humevale
2450,Kinglake West
2451,Whittlesea
2452,Eden Park
2453,Wandong
2454,Heathcote Junction
2455,Panton Hill
2456,Smiths Gully
2457,St Andrews
2458,Bylands
2459,Kinglake
2460,Tantaraboo
2461,Kilmore
2462,High Camp
2463,Kilmore East
2464,Moranding
2465,Forbes
2466,Glenaroua
2467,Willowmavin
2468,Montrose
2469,Kalorama
2470,Mount Dandenong
2471,Coldstream
2472,Gruyere
2473,Yering
2474,Dixons Creek
2475,Yarra Glen
2476,Christmas Hills
2477,Steels Creek
2478,Tarrawarra
2479,Healesville
2480,Chum Creek
2481,Healesville Main Street
2482,Badger Creek
2483,Toolangi
2484,Castella
2485,Mount Toolebewong
2486,Narbethong
2487,Fernshaw
2488,Cambarville
2489,Marysville
2490,Mount Burnett
2491,Nangana
2492,Cockatoo
2493,Avonsleigh
2494,Macclesfield
2495,Clematis
2496,Emerald
2497,Gembrook
2498,Tremont
2499,Ferny Creek
2500,Sassafras Gully
2501,Sassafras
2502,Olinda
2503,Sherbrooke
2504,Kallista
2505,The Patch
2506,Monbulk
2507,Silvan
2508,Mount Evelyn
2509,Gladysdale
2510,Powelltown
2511,Three Bridges
2512,Gilderoy
2513,Yarra Junction
2514,Big Pats Creek
2515,Mcmahons Creek
2516,Warburton
2517,Reefton
2518,East Warburton
2519,Millgrove
2520,Wesburn
2521,Monash University
2522,Endeavour Hills
2523,Hallam
2524,Narre Warren North
2525,Narre Warren East
2526,Narre Warren
2527,Fountain Gate
2528,Narre Warren South
2529,Harkaway
2530,Berwick
2531,Guys Hill
2532,Beaconsfield
2533,Dewhurst
2534,Beaconsfield Upper
2535,Officer
2536,Officer South
2537,Rythdale
2538,Pakenham South
2539,Pakenham
2540,Pakenham Upper
2541,Maryknoll
2542,Nar Nar Goon
2543,Nar Nar Goon North
2544,Tynong
2545,Tynong North
2546,Cora Lynn
2547,Garfield North
2548,Garfield
2549,Vervale
2550,Tonimbuk
2551,Bunyip
2552,Bunyip North
2553,Iona
2554,Labertouche
2555,Longwarry North
2556,Longwarry
2557,Modella
2558,Drouin West
2559,Ripplebrook
2560,Drouin South
2561,Drouin East
2562,Hallora
2563,Athlone
2564,Drouin
2565,Jindivick
2566,Warragul
2567,Bona Vista
2568,Lillico
2569,Brandy Creek
2570,Lardner
2571,Seaview
2572,Crossover
2573,Nilma North
2574,Rokeby
2575,Neerim North
2576,Buln Buln East
2577,Nilma
2578,Neerim Junction
2579,Torwood
2580,Shady Creek
2581,Bravington
2582,Tetoora Road
2583,Ferndale
2584,Ellinbank
2585,Warragul South
2586,Warragul West
2587,Buln Buln
2588,Gainsborough
2589,Cloverlea
2590,Darnum
2591,Yarragon
2592,Yarragon South
2593,Allambee
2594,Trafalgar South
2595,Trafalgar
2596,Thorpdale South
2597,Childers
2598,Trafalgar East
2599,Narracan
2600,Yallourn
2601,Jacob Creek
2602,Hernes Oak
2603,Walhalla East
2604,Aberfeldy
2605,Jericho
2606,Rawson
2607,Tanjil South
2608,Willow Grove
2609,Amor
2610,Yallourn North
2611,Fumina
2612,Coalville
2613,Moe
2614,Moondarra
2615,Coopers Creek
2616,Caringal
2617,Fumina South
2618,Westbury
2619,Boola
2620,Hill End
2621,Thalloo
2622,Erica
2623,Tanjil
2624,Walhalla
2625,Moe South
2626,Toombon
2627,Newborough
2628,Neerim East
2629,Neerim
2630,Neerim South
2631,Nayook
2632,Toorongo
2633,Icy Creek
2634,Vesper
2635,Gentle Annie
2636,Loch Valley
2637,Ada
2638,Baw Baw Village
2639,Noojee
2640,Piedmont
2641,Tanjil Bren
2642,Baw Baw
2643,Thorpdale
2644,Hazelwood
2645,Driffield
2646,Hazelwood South
2647,Morwell
2648,Maryvale
2649,Mid Valley
2650,Jeeralang
2651,Hazelwood North
2652,Jeeralang Junction
2653,Gippsland Mc
2654,Churchill
2655,Mount Tassie
2656,Callignee
2657,Tyers
2658,Flynn
2659,Carrajung Lower
2660,Traralgon South
2661,Blackwarry
2662,Carrajung South
2663,Koornalla
2664,Callignee South
2665,Flynns Creek
2666,Willung South
2667,Traralgon East
2668,Carrajung
2669,Traralgon
2670,Callignee North
2671,Loy Yang
2672,Rosedale
2673,Willung
2674,Hiamdale
2675,Nambrok
2676,Wurruk
2677,Guthridge
2678,Sale
2679,Fulham
2680,Seaspray
2681,Seacombe
2682,Darriman
2683,The Heart
2684,Kilmany
2685,Montgomery
2686,Golden Beach
2687,Giffard
2688,Airly
2689,The Honeysuckles
2690,Dutson
2691,Cobains
2692,Paradise Beach
2693,Glomar Beach
2694,Loch Sport
2695,Bundalaguah
2696,Longford
2697,Clydebank
2698,Myrtlebank
2699,Stradbroke
2700,Flamingo Beach
2701,Giffard West
2702,Dutson Downs
2703,Pearsondale
2704,Lake Wellington
2705,Somerton Park
2706,East Sale
2707,East Sale Raaf
2708,Sale East Raaf
2709,Glengarry
2710,Glengarry West
2711,Glengarry North
2712,Toongabbie
2713,Cowwarr
2714,Dawson
2715,Heyfield
2716,Licola
2717,Denison
2718,Arbuckle
2719,Gillum
2720,Yangoura
2721,Billabong
2722,Tamboritha
2723,Reynard
2724,Worrowing
2725,Seaton
2726,Crookayan
2727,Winnindoo
2728,Glenmaggie
2729,Sargood
2730,Buragwonduc
2731,Glenfalloch
2732,Howitt Plains
2733,Licola North
2734,Newry
2735,Tinamba West
2736,Maffra West Upper
2737,Tinamba
2738,Riverslea
2739,Woolenook
2740,Coongulla
2741,Nap Nap Marra
2742,Wrathung
2743,Bushy Park
2744,Wrixon
2745,Koorool
2746,Toolome
2747,Briagolong
2748,Maffra
2749,Boisdale
2750,Moroka
2751,Monomak
2752,Valencia Creek
2753,Llowalong
2754,Budgee Budgee
2755,Dargo
2756,Meerlieu
2757,Munro
2758,Hollands Landing
2759,Stockdale
2760,Cobbannah
2761,Perry Bridge
2762,Crooked River
2763,Stratford
2764,Hawkhurst
2765,Waterford
2766,Miowera
2767,Wongungarra
2768,Cowa
2769,Moornapa
2770,Glenaladale
2771,Fernbank
2772,Lindenow
2773,Yinnar
2774,Yinnar South
2775,Jumbuk
2776,Budgeree
2777,Johnstones Hill
2778,Boolarra
2779,Grand Ridge
2780,Boolarra South
2781,Mirboo North
2782,Dollar
2783,Allambee Reserve
2784,Darlimurla
2785,Allambee South
2786,Baromi
2787,Mirboo
2788,Delburn
2789,Gormandale
2790,Woodside
2791,Mcloughlins Beach
2792,Woodside North
2793,Woodside Beach
2794,Bairnsdale
2795,Granite Rock
2796,Lucknow
2797,Goon Nure
2798,Walpa
2799,Deptford
2800,Eastwood
2801,Lindenow South
2802,Woodglen
2803,Wentworth
2804,Forge Creek
2805,Tabberabbera
2806,Calulu
2807,Waterholes
2808,Clifton Creek
2809,Marthavale
2810,Bullumwaal
2811,Broadlands
2812,Wy Yung
2813,Banksia Peninsula
2814,Newlands Arm
2815,Ellaswood
2816,East Bairnsdale
2817,Iguana Creek
2818,Wuk Wuk
2819,Mount Taylor
2820,Melwood
2821,Ryans
2822,Flaggy Creek
2823,Sarsfield
2824,Bengworden
2825,Eagle Point
2826,Paynesville
2827,Boole Poole
2828,Ocean Grange
2829,Raymond Island
2830,Nicholson
2831,Wulgulmerang
2832,Wulgulmerang East
2833,Buchan South
2834,Suggan Buggan
2835,W Tree
2836,Butchers Ridge
2837,Yalmy
2838,Gelantipy
2839,Wiseleigh
2840,Buchan
2841,Brumby
2842,Bruthen
2843,Wulgulmerang West
2844,Mossiface
2845,Murrindal
2846,Tambo Upper
2847,Timbarra
2848,Newmerella
2849,Nowa Nowa
2850,Lake Tyers
2851,Wairewa
2852,Tostaree
2853,Brodribb River
2854,Bete Bolong North
2855,Goongerah
2856,Marlo
2857,Waygara
2858,Bendoc
2859,Jarrahmond
2860,Wombat Creek
2861,Bete Bolong
2862,Haydens Bog
2863,Delegate River
2864,Simpsons Creek
2865,Nurran
2866,Bonang
2867,Orbost
2868,Tubbut
2869,Corringle
2870,Cape Conran
2871,Deddick Valley
2872,Cabbage Tree Creek
2873,Bemm River
2874,Errinundra
2875,Bellbird Creek
2876,Manorina
2877,Club Terrace
2878,Combienbar
2879,Buldah
2880,Noorinbee North
2881,Cann River
2882,Chandlers Creek
2883,Noorinbee
2884,Tonghi Creek
2885,Tamboon
2886,Wangarabell
2887,Genoa
2888,Gipsy Point
2889,Wallagaraugh
2890,Wroxham
2891,Wingan River
2892,Maramingo Creek
2893,Mallacoota
2894,Double Bridges
2895,Stirling
2896,Tambo Crossing
2897,Ensay
2898,Reedy Flat
2899,Doctors Flat
2900,Ensay North
2901,Swifts Creek
2902,Brookville
2903,Nunniong
2904,Tongio
2905,Bindi
2906,Hinnomunjie
2907,Glen Wills
2908,Omeo
2909,Cobungra
2910,Dinner Plain
2911,Bingo Munjie
2912,Cassilis
2913,Omeo Valley
2914,Anglers Rest
2915,Bundara
2916,Shannonvale
2917,Glen Valley
2918,Benambra
2919,Cobberas
2920,Johnsonville
2921,Bumberrah
2922,Swan Reach
2923,Metung
2924,Lakes Entrance
2925,Nungurner
2926,Lake Tyers Beach
2927,Toorloo Arm
2928,Kalimna West
2929,Lake Bunga
2930,Nyerimilang
2931,Kalimna
2932,Langwarrin
2933,Langwarrin South
2934,Baxter
2935,Somerville
2936,Pearcedale
2937,Tyabb
2938,Tuerong
2939,Hastings
2940,Shoreham
2941,Merricks
2942,Point Leo
2943,Bittern
2944,Crib Point
2945,Hmas Cerberus
2946,French Island
2947,Elizabeth Island
2948,Tankerton
2949,Sunset Strip
2950,Sunderland Bay
2951,Ventnor
2952,Cowes
2953,Summerlands
2954,Wimbledon Heights
2955,Silverleaves
2956,Surf Beach
2957,Smiths Beach
2958,Rhyll
2959,Churchill Island
2960,San Remo
2961,Newhaven
2962,Cape Woolamai
2963,Merricks North
2964,Balnarring Beach
2965,Balnarring
2966,Merricks Beach
2967,Somers
2968,Main Ridge
2969,Flinders
2970,Mount Eliza
2971,Kunyung
2972,Mornington
2973,Moorooduc
2974,Mount Martha
2975,Dromana
2976,Safety Beach
2977,Arthurs Seat
2978,Red Hill
2979,Red Hill South
2980,Mccrae
2981,Boneo
2982,Rosebud Plaza
2983,Rosebud
2984,Fingal
2985,Cape Schanck
2986,Rosebud West
2987,Rye
2988,Tootgarook
2989,St Andrews Beach
2990,Blairgowrie
2991,Sorrento
2992,Portsea
2993,Krowera
2994,Jeetho
2995,Woodleigh
2996,Loch
2997,Bena
2998,Strzelecki
2999,Whitelaw
3000,Kardella South
3001,Korumburra South
3002,Korumburra
3003,Arawata
3004,Fairbank
3005,Ranceby
3006,Kardella
3007,Moyarra
3008,Outtrim
3009,Jumbunna
3010,Kongwak
3011,Ruby
3012,Leongatha North
3013,Hallston
3014,Mount Eccles South
3015,Mount Eccles
3016,Koorooman
3017,Berrys Creek
3018,Mardan
3019,Leongatha
3020,Boorool
3021,Leongatha South
3022,Wild Dog Valley
3023,Nerrena
3024,Wooreen
3025,Trida
3026,Koonwarra
3027,Venus Bay
3028,Tarwin
3029,Dumbalk
3030,Walkerville North
3031,Meeniyan
3032,Walkerville
3033,Walkerville South
3034,Middle Tarwin
3035,Tarwin Lower
3036,Dumbalk North
3037,Buffalo
3038,Sandy Point
3039,Fish Creek
3040,Waratah Bay
3041,Gunyah
3042,Boolarong
3043,Woorarra West
3044,Bennison
3045,Shallow Inlet
3046,Turtons Creek
3047,Tidal River
3048,Yanakie
3049,Foster North
3050,Wilsons Promontory
3051,Wonga
3052,Mount Best
3053,Foster
3054,Woorarra East
3055,Toora
3056,Wonyip
3057,Toora North
3058,Agnes
3059,Port Franklin
3060,Port Welshpool
3061,Binginwarri
3062,Welshpool
3063,Hazel Park
3064,Hedley
3065,Gelliondale
3066,Yarram
3067,Balook
3068,Manns Beach
3069,Tarraville
3070,Madalya
3071,Langsborough
3072,Hunterston
3073,Alberton
3074,Won Wron
3075,Hiawatha
3076,Robertsons Beach
3077,Devon North
3078,Jack River
3079,Tarra Valley
3080,Snake Island
3081,Macks Creek
3082,Alberton West
3083,Staceys Bridge
3084,Calrossie
3085,Port Albert
3086,Lyndhurst
3087,Lynbrook
3088,Hampton Park
3089,Botanic Ridge
3090,Skye
3091,Cannons Creek
3092,Devon Meadows
3093,Cranbourne West
3094,Cranbourne South
3095,Cranbourne
3096,Junction Village
3097,Cranbourne East
3098,Five Ways
3099,Sandhurst
3100,Cranbourne North
3101,Clyde North
3102,Cardinia
3103,Clyde
3104,Glen Alvie
3105,Kernot
3106,Almurta
3107,Blind Bight
3108,Warneet
3109,Tooradin
3110,Koo Wee Rup North
3111,Heath Hill
3112,Koo Wee Rup
3113,Yannathan
3114,Bayles
3115,Dalmore
3116,Catani
3117,The Gurdies
3118,Tenby Point
3119,Pioneer Bay
3120,Coronet Bay
3121,Adams Estate
3122,Lang Lang
3123,Queensferry
3124,Grantville
3125,Monomeith
3126,Jam Jerrup
3127,Corinella
3128,Lang Lang East
3129,Caldermeade
3130,Nyora
3131,Poowong
3132,Poowong East
3133,Mountain View
3134,Poowong North
3135,Glen Forbes
3136,Bass
3137,Ryanston
3138,West Creek
3139,Dalyston
3140,Blackwood Forest
3141,Wattle Bank
3142,Lance Creek
3143,North Wonthaggi
3144,Anderson
3145,Kilcunda
3146,Harmers Haven
3147,Archies Creek
3148,Woolamai
3149,South Dudley
3150,St Clair
3151,Wonthaggi
3152,Cape Paterson
3153,Pound Creek
3154,Inverloch
3155,Collins Street East
3156,St Kilda Road
3157,Abeckett Street
3158,Collins Street West
3159,Flinders Lane
3160,Law Courts
3161,Little Lonsdale Street
